#
# There is insufficient memory for the Java Runtime Environment to continue.
# Native memory allocation (malloc) failed to allocate 1891664 bytes. Error detail: Chunk::new
# Possible reasons:
#   The system is out of physical RAM or swap space
#   This process is running with CompressedOops enabled, and the Java Heap may be blocking the growth of the native heap
# Possible solutions:
#   Reduce memory load on the system
#   Increase physical memory or swap space
#   Check if swap backing store is full
#   Decrease Java heap size (-Xmx/-Xms)
#   Decrease number of Java threads
#   Decrease Java thread stack sizes (-Xss)
#   Set larger code cache with -XX:ReservedCodeCacheSize=
#   JVM is running with Zero Based Compressed Oops mode in which the Java heap is
#     placed in the first 32GB address space. The Java Heap base address is the
#     maximum limit for the native heap growth. Please use -XX:HeapBaseMinAddress
#     to set the Java Heap base and to place the Java Heap above 32GB virtual address.
# This output file may be truncated or incomplete.
#
#  Out of Memory Error (arena.cpp:168), pid=6760, tid=23068
#
# JRE version: OpenJDK Runtime Environment Temurin-21.0.10+7 (21.0.10+7) (build 21.0.10+7-LTS)
# Java VM: OpenJDK 64-Bit Server VM Temurin-21.0.10+7 (21.0.10+7-LTS, mixed mode, sharing, tiered, compressed oops, compressed class ptrs, g1 gc, windows-amd64)
# No core dump will be written. Minidumps are not enabled by default on client versions of Windows
#

---------------  S U M M A R Y ------------

Command Line: --add-opens=java.base/java.lang=ALL-UNNAMED --add-opens=java.base/java.lang.invoke=ALL-UNNAMED --add-opens=java.base/java.util=ALL-UNNAMED --add-opens=java.prefs/java.util.prefs=ALL-UNNAMED --add-exports=jdk.compiler/com.sun.tools.javac.api=ALL-UNNAMED --add-exports=jdk.compiler/com.sun.tools.javac.util=ALL-UNNAMED --add-opens=java.base/java.util=ALL-UNNAMED --add-opens=java.prefs/java.util.prefs=ALL-UNNAMED --add-opens=java.base/java.nio.charset=ALL-UNNAMED --add-opens=java.base/java.net=ALL-UNNAMED --add-opens=java.base/java.util.concurrent.atomic=ALL-UNNAMED --add-opens=java.xml/javax.xml.namespace=ALL-UNNAMED -XX:MaxMetaspaceSize=4G -XX:ReservedCodeCacheSize=512m -XX:+HeapDumpOnOutOfMemoryError -Xmx8G -Dfile.encoding=UTF-8 -Duser.country=US -Duser.language=en -Duser.variant -javaagent:C:\Users\acer\.gradle\wrapper\dists\gradle-8.14-all\c2qonpi39x1mddn7hk5gh9iqj\gradle-8.14\lib\agents\gradle-instrumentation-agent-8.14.jar org.gradle.launcher.daemon.bootstrap.GradleDaemon 8.14

Host: Intel(R) Core(TM) i7-14700HX, 28 cores, 31G,  Windows 11 , 64 bit Build 26100 (10.0.26100.7920)
Time: Sat Mar 14 12:47:40 2026 SE Asia Standard Time elapsed time: 37.754457 seconds (0d 0h 0m 37s)

---------------  T H R E A D  ---------------

Current thread (0x0000022526d2f570):  JavaThread "C2 CompilerThread2" daemon [_thread_in_native, id=23068, stack(0x000000df1e800000,0x000000df1e900000) (1024K)]


Current CompileTask:
C2:37754 19019       4       org.gradle.internal.execution.steps.ExecuteWorkBuildOperationFiringStep::lambda$execute$0 (78 bytes)

Stack: [0x000000df1e800000,0x000000df1e900000]
Native frames: (J=compiled Java code, j=interpreted, Vv=VM code, C=native code)
V  [jvm.dll+0x6d7a39]
V  [jvm.dll+0x8b4b26]
V  [jvm.dll+0x8b70de]
V  [jvm.dll+0x8b77c3]
V  [jvm.dll+0x284346]
V  [jvm.dll+0xc66ed]
V  [jvm.dll+0xc6c31]
V  [jvm.dll+0x3bec3b]
V  [jvm.dll+0x38b162]
V  [jvm.dll+0x38a5aa]
V  [jvm.dll+0x24c560]
V  [jvm.dll+0x24bb40]
V  [jvm.dll+0x1cb34e]
V  [jvm.dll+0x25b85d]
V  [jvm.dll+0x259dea]
V  [jvm.dll+0x3f857e]
V  [jvm.dll+0x85f59d]
V  [jvm.dll+0x6d626d]
C  [ucrtbase.dll+0x37b0]
C  [KERNEL32.DLL+0x2e8d7]
C  [ntdll.dll+0x8c48c]


---------------  P R O C E S S  ---------------

Threads class SMR info:
_java_thread_list=0x000002253187ecc0, length=383, elements={
0x00000224ab0a8ae0, 0x00000224dbcb92f0, 0x00000224dbcb9f50, 0x00000224dbcbe9d0,
0x00000224dbcbf560, 0x00000224dbcc23a0, 0x00000224dbcc4cc0, 0x00000224dbcc3e80,
0x00000224dbcd2ad0, 0x00000224df50bb20, 0x00000224df5a02e0, 0x00000225252675b0,
0x00000225252647c0, 0x0000022525264e50, 0x0000022525266200, 0x0000022525266890,
0x0000022525266f20, 0x0000022525265b70, 0x000002252620f280, 0x000002252620ffa0,
0x000002252620ded0, 0x0000022526211350, 0x0000022526210630, 0x00000225262119e0,
0x000002252620f910, 0x0000022526210cc0, 0x0000022526212070, 0x000002252620ebf0,
0x0000022526214e60, 0x00000225262154f0, 0x0000022526212d90, 0x00000225262147d0,
0x0000022529919d80, 0x000002252991b7c0, 0x00000225299196f0, 0x000002252991b130,
0x000002252991c4e0, 0x0000022529919060, 0x000002252991d890, 0x000002252991cb70,
0x000002252991d200, 0x000002252991a410, 0x000002252991fff0, 0x000002252991df20,
0x000002252991e5b0, 0x000002252991ec40, 0x000002252991f2d0, 0x0000022529920680,
0x000002252991f960, 0x0000022529a893d0, 0x0000022529a89a60, 0x0000022529a8ae10,
0x0000022529a8b4a0, 0x0000022529a8a780, 0x0000022529a8a0f0, 0x0000022529a8bb30,
0x0000022529a8efb0, 0x0000022529a8e920, 0x0000022529a8dc00, 0x0000022529a8f640,
0x0000022529a8cee0, 0x0000022529a8e290, 0x0000022529a8c1c0, 0x0000022529a8fcd0,
0x0000022529a8c850, 0x0000022529a90360, 0x0000022529a909f0, 0x0000022529a8d570,
0x000002252935fd00, 0x00000225293610b0, 0x0000022529361740, 0x000002252935e950,
0x0000022529360a20, 0x0000022529362460, 0x000002252935efe0, 0x0000022529361dd0,
0x000002252935f670, 0x0000022529362af0, 0x0000022529363180, 0x0000022529363810,
0x0000022529360390, 0x0000022529363ea0, 0x0000022529365f70, 0x0000022529364530,
0x0000022529364bc0, 0x0000022529365250, 0x00000225293658e0, 0x0000022529a6a9a0,
0x0000022529a6bd50, 0x0000022529a69c80, 0x0000022529a6b030, 0x0000022529a6b6c0,
0x0000022529a6c3e0, 0x0000022529a6ca70, 0x0000022529a6a310, 0x0000022529a695f0,
0x0000022529a6e4b0, 0x0000022529a6eb40, 0x0000022529a6d790, 0x0000022529a6f1d0,
0x0000022529a6f860, 0x0000022529a6fef0, 0x0000022529a70580, 0x0000022529a6d100,
0x0000022529a70c10, 0x0000022529a6de20, 0x000002252c3a9f70, 0x000002252c3a7ea0,
0x000002252c3aa600, 0x000002252c3a7180, 0x000002252c3a98e0, 0x000002252c3a8530,
0x000002252c3a9250, 0x000002252c3aac90, 0x000002252c3a7810, 0x000002252c3ab9b0,
0x000002252c3ac6d0, 0x000002252c3acd60, 0x0000022526ca7080, 0x0000022526ca97e0,
0x0000022526caab90, 0x0000022526ca7da0, 0x0000022526ca9e70, 0x0000022526ca7710,
0x0000022526ca8ac0, 0x0000022526ca9150, 0x0000022526caa500, 0x0000022526cab220,
0x0000022526cab8b0, 0x0000022526ca8430, 0x0000022526cae6a0, 0x0000022526cac5d0,
0x0000022526cabf40, 0x0000022526cacc60, 0x0000022526cad980, 0x0000022526cae010,
0x0000022526cad2f0, 0x0000022526cb17f0, 0x0000022526cb2510, 0x0000022526cb0440,
0x0000022526caf090, 0x0000022526cb0ad0, 0x0000022526cb1e80, 0x0000022526cb1160,
0x0000022526cafdb0, 0x0000022526cb2ba0, 0x0000022526caf720, 0x0000022526cb6020,
0x0000022526cb3230, 0x0000022526cb66b0, 0x0000022526cb38c0, 0x0000022526cb3f50,
0x0000022526cb5990, 0x0000022526cb45e0, 0x0000022526cb4c70, 0x0000022526cb5300,
0x0000022529040270, 0x00000225290436f0, 0x0000022529042340, 0x0000022529043060,
0x0000022529043d80, 0x00000225290429d0, 0x0000022529040f90, 0x0000022529040900,
0x0000022529044410, 0x0000022529044aa0, 0x0000022529041620, 0x0000022529045130,
0x0000022529041cb0, 0x0000022529048c40, 0x00000225290485b0, 0x00000225290457c0,
0x0000022529047f20, 0x0000022529046b70, 0x00000225290492d0, 0x0000022529047200,
0x0000022529045e50, 0x0000022529047890, 0x0000022529049960, 0x00000225290464e0,
0x000002252904a680, 0x000002252904ba30, 0x000002252904ad10, 0x000002252904c0c0,
0x000002252904cde0, 0x000002252904c750, 0x000002252904d470, 0x000002252904b3a0,
0x0000022529049ff0, 0x000002252904e190, 0x000002252904e820, 0x000002252904db00,
0x000002252904eeb0, 0x000002252904f540, 0x00000225281f8ef0, 0x00000225281f7b40,
0x00000225281fa930, 0x00000225281f81d0, 0x00000225281fa2a0, 0x00000225281f9c10,
0x00000225281f9580, 0x00000225281f74b0, 0x00000225281f8860, 0x00000225281fb650,
0x00000225281fd090, 0x00000225281fafc0, 0x00000225281fd720, 0x00000225281fe440,
0x00000225281fddb0, 0x00000225281fead0, 0x00000225281ff160, 0x00000225281fbce0,
0x00000225281fca00, 0x00000225281ff7f0, 0x00000225281fc370, 0x00000225282025e0,
0x0000022528202c70, 0x0000022528200510, 0x0000022528204020, 0x0000022528200ba0,
0x0000022528203300, 0x0000022528e9b790, 0x0000022528204d40, 0x0000022528206780,
0x00000225282053d0, 0x00000225282060f0, 0x0000022528203990, 0x0000022528c64540,
0x0000022528c62470, 0x0000022528c64bd0, 0x0000022528c63eb0, 0x0000022528c61750,
0x0000022528c65260, 0x0000022528c61de0, 0x0000022528c63190, 0x0000022528c62b00,
0x0000022528c658f0, 0x0000022528c66ca0, 0x0000022528c65f80, 0x0000022528c66610,
0x0000022528c63820, 0x0000022528c6a7b0, 0x0000022528c6a120, 0x0000022528c69a90,
0x0000022528c67330, 0x0000022528c69400, 0x0000022528c6ae40, 0x0000022528c68050,
0x0000022528c679c0, 0x0000022528c6b4d0, 0x0000022528c6bb60, 0x0000022528c686e0,
0x0000022528c6c1f0, 0x0000022528c68d70, 0x0000022528c6cf10, 0x0000022528c6f670,
0x0000022528c6d5a0, 0x0000022528c6fd00, 0x0000022528c6c880, 0x0000022528c6e950,
0x0000022528c70390, 0x0000022528c6dc30, 0x0000022528c6efe0, 0x0000022528c70a20,
0x0000022528c6e2c0, 0x00000225281ffe80, 0x00000224df7fa9c0, 0x00000224df7fa330,
0x00000224df7f9ca0, 0x00000224df7fc400, 0x00000224df7fb050, 0x00000224df7fb6e0,
0x00000224df7f8f80, 0x00000224df7fbd70, 0x00000224df7fca90, 0x00000224df7f9610,
0x00000224df7feb60, 0x00000224df7fd120, 0x00000224df7fff10, 0x00000224df7ff880,
0x00000224df8005a0, 0x00000224df800c30, 0x00000224df7fe4d0, 0x00000224df7fd7b0,
0x00000224df8012c0, 0x00000224df7fde40, 0x00000224df801950, 0x00000224df801fe0,
0x00000224df7ff1f0, 0x00000224df803a20, 0x00000224df802670, 0x00000224df805460,
0x00000224df8040b0, 0x00000224df805af0, 0x00000224df806180, 0x00000224df804740,
0x00000224df802d00, 0x00000224df806810, 0x00000224df804dd0, 0x00000224df803390,
0x00000224df807530, 0x00000224df806ea0, 0x00000224df807bc0, 0x000002252b0bb200,
0x000002252b0b8aa0, 0x000002252b0bab70, 0x000002252b0b7d80, 0x000002252b0ba4e0,
0x000002252b0bb890, 0x000002252b0b97c0, 0x000002252b0b8410, 0x000002252b0bbf20,
0x000002252b0bc5b0, 0x000002252b0b9130, 0x000002252b0bcc40, 0x000002252b0bd2d0,
0x000002252b0b9e50, 0x000002252b0bed10, 0x000002252b0bf3a0, 0x000002252b0c0750,
0x000002252b0bfa30, 0x000002252b0bd960, 0x000002252b0c00c0, 0x000002252b0c1470,
0x000002252b0c0de0, 0x000002252b0bdff0, 0x000002252b0c1b00, 0x000002252b0be680,
0x000002252b0c4260, 0x000002252b0c2190, 0x000002252b0c3bd0, 0x000002252b0c5ca0,
0x000002252b0c48f0, 0x000002252b0c4f80, 0x000002252b0c5610, 0x000002252b0c2820,
0x000002252b0c6330, 0x000002252b0c2eb0, 0x000002252b0c7050, 0x000002252b0d1af0,
0x000002252b0d48e0, 0x000002252b0d4f70, 0x000002252b0d5600, 0x000002252b0d3530,
0x000002252b0d2810, 0x000002252b0d2ea0, 0x000002252b0d2180, 0x000002252b0d5c90,
0x000002252b0d6320, 0x000002252b0d69b0, 0x000002252b0d7040, 0x000002252a36ad40,
0x000002252a36a6b0, 0x000002252a369300, 0x000002252a36b3d0, 0x000002252a36c0f0,
0x000002252a36a020, 0x000002252a36ce10, 0x000002252a369990, 0x000002252a36d4a0,
0x000002252a352380, 0x000002252a350940, 0x000002252a350fd0, 0x000002252cc6bae0,
0x000002252a351cf0, 0x000002252a351660, 0x000002252a34ef00, 0x000002252a352a10,
0x000002252a3502b0, 0x000002252a34f590, 0x000002252a34fc20, 0x000002252a356520,
0x000002252a353730, 0x000002252a3530a0, 0x000002252a354450, 0x000002252a353dc0,
0x000002252a355800, 0x000002252a356bb0, 0x000002252a357f60, 0x000002252a354ae0,
0x000002252a355e90, 0x000002252a355170, 0x0000022526d2f570
}

Java Threads: ( => current thread )
  0x00000224ab0a8ae0 JavaThread "main"                              [_thread_blocked, id=46356, stack(0x000000df07200000,0x000000df07300000) (1024K)]
  0x00000224dbcb92f0 JavaThread "Reference Handler"          daemon [_thread_blocked, id=18216, stack(0x000000df07a00000,0x000000df07b00000) (1024K)]
  0x00000224dbcb9f50 JavaThread "Finalizer"                  daemon [_thread_blocked, id=46864, stack(0x000000df07b00000,0x000000df07c00000) (1024K)]
  0x00000224dbcbe9d0 JavaThread "Signal Dispatcher"          daemon [_thread_blocked, id=41456, stack(0x000000df07c00000,0x000000df07d00000) (1024K)]
  0x00000224dbcbf560 JavaThread "Attach Listener"            daemon [_thread_blocked, id=33852, stack(0x000000df07d00000,0x000000df07e00000) (1024K)]
  0x00000224dbcc23a0 JavaThread "Service Thread"             daemon [_thread_blocked, id=42960, stack(0x000000df07e00000,0x000000df07f00000) (1024K)]
  0x00000224dbcc4cc0 JavaThread "Monitor Deflation Thread"   daemon [_thread_blocked, id=45708, stack(0x000000df07f00000,0x000000df08000000) (1024K)]
  0x00000224dbcc3e80 JavaThread "C2 CompilerThread0"         daemon [_thread_in_native, id=29496, stack(0x000000df08000000,0x000000df08100000) (1024K)]
  0x00000224dbcd2ad0 JavaThread "C1 CompilerThread0"         daemon [_thread_blocked, id=15188, stack(0x000000df08100000,0x000000df08200000) (1024K)]
  0x00000224df50bb20 JavaThread "Common-Cleaner"             daemon [_thread_blocked, id=32456, stack(0x000000df08400000,0x000000df08500000) (1024K)]
  0x00000224df5a02e0 JavaThread "Notification Thread"        daemon [_thread_blocked, id=32868, stack(0x000000df08500000,0x000000df08600000) (1024K)]
  0x00000225252675b0 JavaThread "Daemon health stats"               [_thread_blocked, id=46760, stack(0x000000df08800000,0x000000df08900000) (1024K)]
  0x00000225252647c0 JavaThread "Incoming local TCP Connector on port 61816"        [_thread_in_native, id=3384, stack(0x000000df09500000,0x000000df09600000) (1024K)]
  0x0000022525264e50 JavaThread "Daemon periodic checks"            [_thread_blocked, id=46088, stack(0x000000df09600000,0x000000df09700000) (1024K)]
  0x0000022525266200 JavaThread "Daemon"                            [_thread_blocked, id=42476, stack(0x000000df09700000,0x000000df09800000) (1024K)]
  0x0000022525266890 JavaThread "Handler for socket connection from /127.0.0.1:61816 to /127.0.0.1:61817"        [_thread_in_native, id=46772, stack(0x000000df09800000,0x000000df09900000) (1024K)]
  0x0000022525266f20 JavaThread "Cancel handler"                    [_thread_blocked, id=46432, stack(0x000000df09900000,0x000000df09a00000) (1024K)]
  0x0000022525265b70 JavaThread "Daemon worker"                     [_thread_in_native, id=24612, stack(0x000000df09a00000,0x000000df09b00000) (1024K)]
  0x000002252620f280 JavaThread "Asynchronous log dispatcher for DefaultDaemonConnection: socket connection from /127.0.0.1:61816 to /127.0.0.1:61817"        [_thread_blocked, id=46360, stack(0x000000df09b00000,0x000000df09c00000) (1024K)]
  0x000002252620ffa0 JavaThread "Stdin handler"                     [_thread_blocked, id=35692, stack(0x000000df09c00000,0x000000df09d00000) (1024K)]
  0x000002252620ded0 JavaThread "Daemon client event forwarder"        [_thread_blocked, id=46788, stack(0x000000df09d00000,0x000000df09e00000) (1024K)]
  0x0000022526211350 JavaThread "Cache worker for journal cache (C:\Users\acer\.gradle\caches\journal-1)"        [_thread_blocked, id=46084, stack(0x000000df08300000,0x000000df08400000) (1024K)]
  0x0000022526210630 JavaThread "File lock request listener"        [_thread_in_native, id=2692, stack(0x000000df08600000,0x000000df08700000) (1024K)]
  0x00000225262119e0 JavaThread "Cache worker for file hash cache (C:\Users\acer\.gradle\caches\8.14\fileHashes)"        [_thread_blocked, id=46940, stack(0x000000df08700000,0x000000df08800000) (1024K)]
  0x000002252620f910 JavaThread "Cache worker for file hash cache (D:\Secret\LOGI-TRACK\logitrack-platform\logitrack-mobile\android\.gradle\8.14\fileHashes)"        [_thread_blocked, id=26508, stack(0x000000df0ae00000,0x000000df0af00000) (1024K)]
  0x0000022526210cc0 JavaThread "Cache worker for Build Output Cleanup Cache (D:\Secret\LOGI-TRACK\logitrack-platform\logitrack-mobile\android\.gradle\buildOutputCleanup)"        [_thread_blocked, id=46124, stack(0x000000df0af00000,0x000000df0b000000) (1024K)]
  0x0000022526212070 JavaThread "File watcher server"        daemon [_thread_in_native, id=29548, stack(0x000000df0b000000,0x000000df0b100000) (1024K)]
  0x000002252620ebf0 JavaThread "File watcher consumer"      daemon [_thread_blocked, id=10400, stack(0x000000df0b100000,0x000000df0b200000) (1024K)]
  0x0000022526214e60 JavaThread "Cache worker for checksums cache (D:\Secret\LOGI-TRACK\logitrack-platform\logitrack-mobile\android\.gradle\8.14\checksums)"        [_thread_blocked, id=28316, stack(0x000000df0b200000,0x000000df0b300000) (1024K)]
  0x00000225262154f0 JavaThread "Cache worker for file content cache (C:\Users\acer\.gradle\caches\8.14\fileContent)"        [_thread_blocked, id=47076, stack(0x000000df0b300000,0x000000df0b400000) (1024K)]
  0x0000022526212d90 JavaThread "Cache worker for cache directory md-supplier (C:\Users\acer\.gradle\caches\8.14\md-supplier)"        [_thread_blocked, id=46308, stack(0x000000df0b400000,0x000000df0b500000) (1024K)]
  0x00000225262147d0 JavaThread "Cache worker for cache directory md-rule (C:\Users\acer\.gradle\caches\8.14\md-rule)"        [_thread_blocked, id=44964, stack(0x000000df0b500000,0x000000df0b600000) (1024K)]
  0x0000022529919d80 JavaThread "Cache worker for Build Output Cleanup Cache (D:\src\flutter\packages\flutter_tools\gradle\.gradle\buildOutputCleanup)"        [_thread_blocked, id=36136, stack(0x000000df0b600000,0x000000df0b700000) (1024K)]
  0x000002252991b7c0 JavaThread "Unconstrained build operations"        [_thread_blocked, id=46592, stack(0x000000df0ad00000,0x000000df0ae00000) (1024K)]
  0x00000225299196f0 JavaThread "Unconstrained build operations Thread 2"        [_thread_blocked, id=22780, stack(0x000000df0b700000,0x000000df0b800000) (1024K)]
  0x000002252991b130 JavaThread "Unconstrained build operations Thread 3"        [_thread_blocked, id=46804, stack(0x000000df0b800000,0x000000df0b900000) (1024K)]
  0x000002252991c4e0 JavaThread "Unconstrained build operations Thread 4"        [_thread_blocked, id=38660, stack(0x000000df0b900000,0x000000df0ba00000) (1024K)]
  0x0000022529919060 JavaThread "Unconstrained build operations Thread 5"        [_thread_blocked, id=21364, stack(0x000000df0ba00000,0x000000df0bb00000) (1024K)]
  0x000002252991d890 JavaThread "Unconstrained build operations Thread 6"        [_thread_blocked, id=5116, stack(0x000000df0bb00000,0x000000df0bc00000) (1024K)]
  0x000002252991cb70 JavaThread "Unconstrained build operations Thread 7"        [_thread_blocked, id=41116, stack(0x000000df0bc00000,0x000000df0bd00000) (1024K)]
  0x000002252991d200 JavaThread "Unconstrained build operations Thread 8"        [_thread_blocked, id=13392, stack(0x000000df0bd00000,0x000000df0be00000) (1024K)]
  0x000002252991a410 JavaThread "Unconstrained build operations Thread 9"        [_thread_blocked, id=30684, stack(0x000000df0be00000,0x000000df0bf00000) (1024K)]
  0x000002252991fff0 JavaThread "Unconstrained build operations Thread 10"        [_thread_blocked, id=42008, stack(0x000000df0bf00000,0x000000df0c000000) (1024K)]
  0x000002252991df20 JavaThread "Unconstrained build operations Thread 11"        [_thread_blocked, id=46540, stack(0x000000df0c000000,0x000000df0c100000) (1024K)]
  0x000002252991e5b0 JavaThread "Unconstrained build operations Thread 12"        [_thread_blocked, id=46612, stack(0x000000df0c100000,0x000000df0c200000) (1024K)]
  0x000002252991ec40 JavaThread "Unconstrained build operations Thread 13"        [_thread_blocked, id=9420, stack(0x000000df0c200000,0x000000df0c300000) (1024K)]
  0x000002252991f2d0 JavaThread "Unconstrained build operations Thread 14"        [_thread_blocked, id=25976, stack(0x000000df0c300000,0x000000df0c400000) (1024K)]
  0x0000022529920680 JavaThread "Unconstrained build operations Thread 15"        [_thread_blocked, id=46428, stack(0x000000df0c400000,0x000000df0c500000) (1024K)]
  0x000002252991f960 JavaThread "Unconstrained build operations Thread 16"        [_thread_blocked, id=46388, stack(0x000000df0c500000,0x000000df0c600000) (1024K)]
  0x0000022529a893d0 JavaThread "Unconstrained build operations Thread 17"        [_thread_blocked, id=46900, stack(0x000000df0c600000,0x000000df0c700000) (1024K)]
  0x0000022529a89a60 JavaThread "Unconstrained build operations Thread 18"        [_thread_blocked, id=46508, stack(0x000000df0c700000,0x000000df0c800000) (1024K)]
  0x0000022529a8ae10 JavaThread "Unconstrained build operations Thread 19"        [_thread_blocked, id=31420, stack(0x000000df0c800000,0x000000df0c900000) (1024K)]
  0x0000022529a8b4a0 JavaThread "Unconstrained build operations Thread 20"        [_thread_blocked, id=41396, stack(0x000000df0c900000,0x000000df0ca00000) (1024K)]
  0x0000022529a8a780 JavaThread "Unconstrained build operations Thread 21"        [_thread_blocked, id=23332, stack(0x000000df0ca00000,0x000000df0cb00000) (1024K)]
  0x0000022529a8a0f0 JavaThread "Unconstrained build operations Thread 22"        [_thread_blocked, id=46220, stack(0x000000df0cb00000,0x000000df0cc00000) (1024K)]
  0x0000022529a8bb30 JavaThread "Unconstrained build operations Thread 23"        [_thread_blocked, id=46292, stack(0x000000df0cc00000,0x000000df0cd00000) (1024K)]
  0x0000022529a8efb0 JavaThread "Unconstrained build operations Thread 24"        [_thread_blocked, id=31280, stack(0x000000df0cd00000,0x000000df0ce00000) (1024K)]
  0x0000022529a8e920 JavaThread "Unconstrained build operations Thread 25"        [_thread_blocked, id=40932, stack(0x000000df0ce00000,0x000000df0cf00000) (1024K)]
  0x0000022529a8dc00 JavaThread "Unconstrained build operations Thread 26"        [_thread_blocked, id=41264, stack(0x000000df0cf00000,0x000000df0d000000) (1024K)]
  0x0000022529a8f640 JavaThread "Unconstrained build operations Thread 27"        [_thread_blocked, id=20964, stack(0x000000df0d000000,0x000000df0d100000) (1024K)]
  0x0000022529a8cee0 JavaThread "Unconstrained build operations Thread 28"        [_thread_blocked, id=41400, stack(0x000000df0d100000,0x000000df0d200000) (1024K)]
  0x0000022529a8e290 JavaThread "Unconstrained build operations Thread 29"        [_thread_blocked, id=46908, stack(0x000000df0d200000,0x000000df0d300000) (1024K)]
  0x0000022529a8c1c0 JavaThread "Unconstrained build operations Thread 30"        [_thread_blocked, id=12820, stack(0x000000df0d300000,0x000000df0d400000) (1024K)]
  0x0000022529a8fcd0 JavaThread "Unconstrained build operations Thread 31"        [_thread_blocked, id=19960, stack(0x000000df0d400000,0x000000df0d500000) (1024K)]
  0x0000022529a8c850 JavaThread "Unconstrained build operations Thread 32"        [_thread_blocked, id=22220, stack(0x000000df0d500000,0x000000df0d600000) (1024K)]
  0x0000022529a90360 JavaThread "Unconstrained build operations Thread 33"        [_thread_blocked, id=34888, stack(0x000000df0d600000,0x000000df0d700000) (1024K)]
  0x0000022529a909f0 JavaThread "Unconstrained build operations Thread 34"        [_thread_blocked, id=46140, stack(0x000000df0d700000,0x000000df0d800000) (1024K)]
  0x0000022529a8d570 JavaThread "Unconstrained build operations Thread 35"        [_thread_blocked, id=46484, stack(0x000000df0d800000,0x000000df0d900000) (1024K)]
  0x000002252935fd00 JavaThread "Unconstrained build operations Thread 36"        [_thread_blocked, id=17572, stack(0x000000df0d900000,0x000000df0da00000) (1024K)]
  0x00000225293610b0 JavaThread "Unconstrained build operations Thread 37"        [_thread_blocked, id=40892, stack(0x000000df0da00000,0x000000df0db00000) (1024K)]
  0x0000022529361740 JavaThread "Unconstrained build operations Thread 38"        [_thread_blocked, id=46148, stack(0x000000df0db00000,0x000000df0dc00000) (1024K)]
  0x000002252935e950 JavaThread "Unconstrained build operations Thread 39"        [_thread_blocked, id=42988, stack(0x000000df0dc00000,0x000000df0dd00000) (1024K)]
  0x0000022529360a20 JavaThread "Unconstrained build operations Thread 40"        [_thread_blocked, id=35612, stack(0x000000df0dd00000,0x000000df0de00000) (1024K)]
  0x0000022529362460 JavaThread "Unconstrained build operations Thread 41"        [_thread_blocked, id=17564, stack(0x000000df0de00000,0x000000df0df00000) (1024K)]
  0x000002252935efe0 JavaThread "Unconstrained build operations Thread 42"        [_thread_blocked, id=40872, stack(0x000000df0df00000,0x000000df0e000000) (1024K)]
  0x0000022529361dd0 JavaThread "Unconstrained build operations Thread 43"        [_thread_blocked, id=23136, stack(0x000000df0e000000,0x000000df0e100000) (1024K)]
  0x000002252935f670 JavaThread "Unconstrained build operations Thread 44"        [_thread_blocked, id=30136, stack(0x000000df0e100000,0x000000df0e200000) (1024K)]
  0x0000022529362af0 JavaThread "Unconstrained build operations Thread 45"        [_thread_blocked, id=40208, stack(0x000000df0e200000,0x000000df0e300000) (1024K)]
  0x0000022529363180 JavaThread "Unconstrained build operations Thread 46"        [_thread_blocked, id=46240, stack(0x000000df0e300000,0x000000df0e400000) (1024K)]
  0x0000022529363810 JavaThread "Unconstrained build operations Thread 47"        [_thread_blocked, id=30536, stack(0x000000df0e400000,0x000000df0e500000) (1024K)]
  0x0000022529360390 JavaThread "Unconstrained build operations Thread 48"        [_thread_blocked, id=28184, stack(0x000000df0e500000,0x000000df0e600000) (1024K)]
  0x0000022529363ea0 JavaThread "Unconstrained build operations Thread 49"        [_thread_blocked, id=46404, stack(0x000000df0e600000,0x000000df0e700000) (1024K)]
  0x0000022529365f70 JavaThread "Unconstrained build operations Thread 50"        [_thread_blocked, id=40876, stack(0x000000df0e700000,0x000000df0e800000) (1024K)]
  0x0000022529364530 JavaThread "Unconstrained build operations Thread 51"        [_thread_blocked, id=46400, stack(0x000000df0e800000,0x000000df0e900000) (1024K)]
  0x0000022529364bc0 JavaThread "Unconstrained build operations Thread 52"        [_thread_blocked, id=33868, stack(0x000000df0e900000,0x000000df0ea00000) (1024K)]
  0x0000022529365250 JavaThread "Unconstrained build operations Thread 53"        [_thread_blocked, id=13528, stack(0x000000df0ea00000,0x000000df0eb00000) (1024K)]
  0x00000225293658e0 JavaThread "Unconstrained build operations Thread 54"        [_thread_blocked, id=21560, stack(0x000000df0eb00000,0x000000df0ec00000) (1024K)]
  0x0000022529a6a9a0 JavaThread "Unconstrained build operations Thread 55"        [_thread_blocked, id=31392, stack(0x000000df0ec00000,0x000000df0ed00000) (1024K)]
  0x0000022529a6bd50 JavaThread "Unconstrained build operations Thread 56"        [_thread_blocked, id=14900, stack(0x000000df0ed00000,0x000000df0ee00000) (1024K)]
  0x0000022529a69c80 JavaThread "Unconstrained build operations Thread 57"        [_thread_blocked, id=420, stack(0x000000df0ee00000,0x000000df0ef00000) (1024K)]
  0x0000022529a6b030 JavaThread "Unconstrained build operations Thread 58"        [_thread_blocked, id=24756, stack(0x000000df0ef00000,0x000000df0f000000) (1024K)]
  0x0000022529a6b6c0 JavaThread "Unconstrained build operations Thread 59"        [_thread_blocked, id=42656, stack(0x000000df0f000000,0x000000df0f100000) (1024K)]
  0x0000022529a6c3e0 JavaThread "Unconstrained build operations Thread 60"        [_thread_blocked, id=46948, stack(0x000000df0f100000,0x000000df0f200000) (1024K)]
  0x0000022529a6ca70 JavaThread "Unconstrained build operations Thread 61"        [_thread_blocked, id=46872, stack(0x000000df0f200000,0x000000df0f300000) (1024K)]
  0x0000022529a6a310 JavaThread "Unconstrained build operations Thread 62"        [_thread_blocked, id=30144, stack(0x000000df0f300000,0x000000df0f400000) (1024K)]
  0x0000022529a695f0 JavaThread "Unconstrained build operations Thread 63"        [_thread_blocked, id=26204, stack(0x000000df0f400000,0x000000df0f500000) (1024K)]
  0x0000022529a6e4b0 JavaThread "Unconstrained build operations Thread 64"        [_thread_blocked, id=46616, stack(0x000000df0f500000,0x000000df0f600000) (1024K)]
  0x0000022529a6eb40 JavaThread "Unconstrained build operations Thread 65"        [_thread_blocked, id=42472, stack(0x000000df0f600000,0x000000df0f700000) (1024K)]
  0x0000022529a6d790 JavaThread "Unconstrained build operations Thread 66"        [_thread_blocked, id=46932, stack(0x000000df0f700000,0x000000df0f800000) (1024K)]
  0x0000022529a6f1d0 JavaThread "Unconstrained build operations Thread 67"        [_thread_blocked, id=43148, stack(0x000000df0f800000,0x000000df0f900000) (1024K)]
  0x0000022529a6f860 JavaThread "Unconstrained build operations Thread 68"        [_thread_blocked, id=13868, stack(0x000000df0f900000,0x000000df0fa00000) (1024K)]
  0x0000022529a6fef0 JavaThread "Unconstrained build operations Thread 69"        [_thread_blocked, id=3148, stack(0x000000df0fa00000,0x000000df0fb00000) (1024K)]
  0x0000022529a70580 JavaThread "Unconstrained build operations Thread 70"        [_thread_blocked, id=7024, stack(0x000000df0fb00000,0x000000df0fc00000) (1024K)]
  0x0000022529a6d100 JavaThread "Unconstrained build operations Thread 71"        [_thread_blocked, id=46660, stack(0x000000df0fc00000,0x000000df0fd00000) (1024K)]
  0x0000022529a70c10 JavaThread "Unconstrained build operations Thread 72"        [_thread_blocked, id=22316, stack(0x000000df0fd00000,0x000000df0fe00000) (1024K)]
  0x0000022529a6de20 JavaThread "Unconstrained build operations Thread 73"        [_thread_blocked, id=37792, stack(0x000000df0fe00000,0x000000df0ff00000) (1024K)]
  0x000002252c3a9f70 JavaThread "Unconstrained build operations Thread 74"        [_thread_blocked, id=46600, stack(0x000000df0ff00000,0x000000df10000000) (1024K)]
  0x000002252c3a7ea0 JavaThread "Unconstrained build operations Thread 75"        [_thread_blocked, id=46464, stack(0x000000df10000000,0x000000df10100000) (1024K)]
  0x000002252c3aa600 JavaThread "Unconstrained build operations Thread 76"        [_thread_blocked, id=21776, stack(0x000000df10100000,0x000000df10200000) (1024K)]
  0x000002252c3a7180 JavaThread "Unconstrained build operations Thread 77"        [_thread_blocked, id=7924, stack(0x000000df10200000,0x000000df10300000) (1024K)]
  0x000002252c3a98e0 JavaThread "Unconstrained build operations Thread 78"        [_thread_blocked, id=41520, stack(0x000000df10300000,0x000000df10400000) (1024K)]
  0x000002252c3a8530 JavaThread "Unconstrained build operations Thread 79"        [_thread_blocked, id=14464, stack(0x000000df10400000,0x000000df10500000) (1024K)]
  0x000002252c3a9250 JavaThread "Unconstrained build operations Thread 80"        [_thread_blocked, id=4824, stack(0x000000df10500000,0x000000df10600000) (1024K)]
  0x000002252c3aac90 JavaThread "Unconstrained build operations Thread 81"        [_thread_blocked, id=34548, stack(0x000000df10600000,0x000000df10700000) (1024K)]
  0x000002252c3a7810 JavaThread "Memory manager"                    [_thread_blocked, id=43908, stack(0x000000df10700000,0x000000df10800000) (1024K)]
  0x000002252c3ab9b0 JavaThread "build event listener"              [_thread_blocked, id=46708, stack(0x000000df10800000,0x000000df10900000) (1024K)]
  0x000002252c3ac6d0 JavaThread "included builds"                   [_thread_blocked, id=44100, stack(0x000000df09e00000,0x000000df09f00000) (1024K)]
  0x000002252c3acd60 JavaThread "Execution worker"                  [_thread_blocked, id=46800, stack(0x000000df10900000,0x000000df10a00000) (1024K)]
  0x0000022526ca7080 JavaThread "Execution worker Thread 2"         [_thread_blocked, id=47020, stack(0x000000df10a00000,0x000000df10b00000) (1024K)]
  0x0000022526ca97e0 JavaThread "Execution worker Thread 3"         [_thread_blocked, id=42804, stack(0x000000df10b00000,0x000000df10c00000) (1024K)]
  0x0000022526caab90 JavaThread "Execution worker Thread 4"         [_thread_blocked, id=35168, stack(0x000000df10c00000,0x000000df10d00000) (1024K)]
  0x0000022526ca7da0 JavaThread "Execution worker Thread 5"         [_thread_blocked, id=45500, stack(0x000000df10d00000,0x000000df10e00000) (1024K)]
  0x0000022526ca9e70 JavaThread "Execution worker Thread 6"         [_thread_blocked, id=46920, stack(0x000000df10e00000,0x000000df10f00000) (1024K)]
  0x0000022526ca7710 JavaThread "Execution worker Thread 7"         [_thread_blocked, id=42052, stack(0x000000df10f00000,0x000000df11000000) (1024K)]
  0x0000022526ca8ac0 JavaThread "Execution worker Thread 8"         [_thread_blocked, id=19916, stack(0x000000df11000000,0x000000df11100000) (1024K)]
  0x0000022526ca9150 JavaThread "Execution worker Thread 9"         [_thread_blocked, id=25404, stack(0x000000df11100000,0x000000df11200000) (1024K)]
  0x0000022526caa500 JavaThread "Execution worker Thread 10"        [_thread_blocked, id=28600, stack(0x000000df11200000,0x000000df11300000) (1024K)]
  0x0000022526cab220 JavaThread "Execution worker Thread 11"        [_thread_blocked, id=46776, stack(0x000000df11300000,0x000000df11400000) (1024K)]
  0x0000022526cab8b0 JavaThread "Execution worker Thread 12"        [_thread_blocked, id=46984, stack(0x000000df11400000,0x000000df11500000) (1024K)]
  0x0000022526ca8430 JavaThread "Execution worker Thread 13"        [_thread_blocked, id=3048, stack(0x000000df11500000,0x000000df11600000) (1024K)]
  0x0000022526cae6a0 JavaThread "Execution worker Thread 14"        [_thread_blocked, id=26376, stack(0x000000df11600000,0x000000df11700000) (1024K)]
  0x0000022526cac5d0 JavaThread "Execution worker Thread 15"        [_thread_blocked, id=42688, stack(0x000000df11700000,0x000000df11800000) (1024K)]
  0x0000022526cabf40 JavaThread "Execution worker Thread 16"        [_thread_blocked, id=16356, stack(0x000000df11800000,0x000000df11900000) (1024K)]
  0x0000022526cacc60 JavaThread "Execution worker Thread 17"        [_thread_blocked, id=46764, stack(0x000000df11900000,0x000000df11a00000) (1024K)]
  0x0000022526cad980 JavaThread "Execution worker Thread 18"        [_thread_blocked, id=27144, stack(0x000000df11a00000,0x000000df11b00000) (1024K)]
  0x0000022526cae010 JavaThread "Execution worker Thread 19"        [_thread_blocked, id=12388, stack(0x000000df11b00000,0x000000df11c00000) (1024K)]
  0x0000022526cad2f0 JavaThread "Execution worker Thread 20"        [_thread_blocked, id=41476, stack(0x000000df11c00000,0x000000df11d00000) (1024K)]
  0x0000022526cb17f0 JavaThread "Execution worker Thread 21"        [_thread_blocked, id=46748, stack(0x000000df11d00000,0x000000df11e00000) (1024K)]
  0x0000022526cb2510 JavaThread "Execution worker Thread 22"        [_thread_blocked, id=44104, stack(0x000000df11e00000,0x000000df11f00000) (1024K)]
  0x0000022526cb0440 JavaThread "Execution worker Thread 23"        [_thread_blocked, id=41252, stack(0x000000df11f00000,0x000000df12000000) (1024K)]
  0x0000022526caf090 JavaThread "Execution worker Thread 24"        [_thread_blocked, id=46968, stack(0x000000df12000000,0x000000df12100000) (1024K)]
  0x0000022526cb0ad0 JavaThread "Execution worker Thread 25"        [_thread_blocked, id=46960, stack(0x000000df12100000,0x000000df12200000) (1024K)]
  0x0000022526cb1e80 JavaThread "Execution worker Thread 26"        [_thread_blocked, id=17660, stack(0x000000df12200000,0x000000df12300000) (1024K)]
  0x0000022526cb1160 JavaThread "Execution worker Thread 27"        [_thread_blocked, id=42256, stack(0x000000df12300000,0x000000df12400000) (1024K)]
  0x0000022526cafdb0 JavaThread "Cache worker for execution history cache (D:\src\flutter\packages\flutter_tools\gradle\.gradle\8.14\executionHistory)"        [_thread_blocked, id=46192, stack(0x000000df12400000,0x000000df12500000) (1024K)]
  0x0000022526cb2ba0 JavaThread "Unconstrained build operations Thread 82"        [_thread_blocked, id=46980, stack(0x000000df12500000,0x000000df12600000) (1024K)]
  0x0000022526caf720 JavaThread "Unconstrained build operations Thread 83"        [_thread_blocked, id=47068, stack(0x000000df12600000,0x000000df12700000) (1024K)]
  0x0000022526cb6020 JavaThread "Unconstrained build operations Thread 84"        [_thread_blocked, id=41952, stack(0x000000df12700000,0x000000df12800000) (1024K)]
  0x0000022526cb3230 JavaThread "Unconstrained build operations Thread 85"        [_thread_blocked, id=41036, stack(0x000000df12800000,0x000000df12900000) (1024K)]
  0x0000022526cb66b0 JavaThread "Unconstrained build operations Thread 86"        [_thread_blocked, id=42244, stack(0x000000df12900000,0x000000df12a00000) (1024K)]
  0x0000022526cb38c0 JavaThread "Unconstrained build operations Thread 87"        [_thread_blocked, id=43596, stack(0x000000df12a00000,0x000000df12b00000) (1024K)]
  0x0000022526cb3f50 JavaThread "Unconstrained build operations Thread 88"        [_thread_blocked, id=35148, stack(0x000000df12b00000,0x000000df12c00000) (1024K)]
  0x0000022526cb5990 JavaThread "Unconstrained build operations Thread 89"        [_thread_blocked, id=32476, stack(0x000000df12c00000,0x000000df12d00000) (1024K)]
  0x0000022526cb45e0 JavaThread "Unconstrained build operations Thread 90"        [_thread_blocked, id=30244, stack(0x000000df12d00000,0x000000df12e00000) (1024K)]
  0x0000022526cb4c70 JavaThread "Unconstrained build operations Thread 91"        [_thread_blocked, id=29552, stack(0x000000df12e00000,0x000000df12f00000) (1024K)]
  0x0000022526cb5300 JavaThread "Unconstrained build operations Thread 92"        [_thread_blocked, id=46780, stack(0x000000df12f00000,0x000000df13000000) (1024K)]
  0x0000022529040270 JavaThread "Unconstrained build operations Thread 93"        [_thread_blocked, id=46808, stack(0x000000df13000000,0x000000df13100000) (1024K)]
  0x00000225290436f0 JavaThread "Unconstrained build operations Thread 94"        [_thread_blocked, id=20152, stack(0x000000df13100000,0x000000df13200000) (1024K)]
  0x0000022529042340 JavaThread "Unconstrained build operations Thread 95"        [_thread_blocked, id=46812, stack(0x000000df13200000,0x000000df13300000) (1024K)]
  0x0000022529043060 JavaThread "Unconstrained build operations Thread 96"        [_thread_blocked, id=43972, stack(0x000000df13300000,0x000000df13400000) (1024K)]
  0x0000022529043d80 JavaThread "Unconstrained build operations Thread 97"        [_thread_blocked, id=21956, stack(0x000000df13400000,0x000000df13500000) (1024K)]
  0x00000225290429d0 JavaThread "Unconstrained build operations Thread 98"        [_thread_blocked, id=39492, stack(0x000000df13500000,0x000000df13600000) (1024K)]
  0x0000022529040f90 JavaThread "Unconstrained build operations Thread 99"        [_thread_blocked, id=20024, stack(0x000000df13600000,0x000000df13700000) (1024K)]
  0x0000022529040900 JavaThread "Unconstrained build operations Thread 100"        [_thread_blocked, id=46784, stack(0x000000df13700000,0x000000df13800000) (1024K)]
  0x0000022529044410 JavaThread "Unconstrained build operations Thread 101"        [_thread_blocked, id=28564, stack(0x000000df13800000,0x000000df13900000) (1024K)]
  0x0000022529044aa0 JavaThread "Unconstrained build operations Thread 102"        [_thread_blocked, id=46156, stack(0x000000df13900000,0x000000df13a00000) (1024K)]
  0x0000022529041620 JavaThread "Unconstrained build operations Thread 103"        [_thread_blocked, id=14456, stack(0x000000df13a00000,0x000000df13b00000) (1024K)]
  0x0000022529045130 JavaThread "Unconstrained build operations Thread 104"        [_thread_blocked, id=46700, stack(0x000000df13b00000,0x000000df13c00000) (1024K)]
  0x0000022529041cb0 JavaThread "Unconstrained build operations Thread 105"        [_thread_blocked, id=2332, stack(0x000000df13c00000,0x000000df13d00000) (1024K)]
  0x0000022529048c40 JavaThread "Unconstrained build operations Thread 106"        [_thread_blocked, id=16424, stack(0x000000df13d00000,0x000000df13e00000) (1024K)]
  0x00000225290485b0 JavaThread "Unconstrained build operations Thread 107"        [_thread_blocked, id=43084, stack(0x000000df13e00000,0x000000df13f00000) (1024K)]
  0x00000225290457c0 JavaThread "Unconstrained build operations Thread 108"        [_thread_blocked, id=25072, stack(0x000000df14000000,0x000000df14100000) (1024K)]
  0x0000022529047f20 JavaThread "Unconstrained build operations Thread 109"        [_thread_blocked, id=13516, stack(0x000000df14100000,0x000000df14200000) (1024K)]
  0x0000022529046b70 JavaThread "Unconstrained build operations Thread 110"        [_thread_blocked, id=45416, stack(0x000000df14200000,0x000000df14300000) (1024K)]
  0x00000225290492d0 JavaThread "Unconstrained build operations Thread 111"        [_thread_blocked, id=46564, stack(0x000000df14300000,0x000000df14400000) (1024K)]
  0x0000022529047200 JavaThread "Unconstrained build operations Thread 112"        [_thread_blocked, id=46392, stack(0x000000df14400000,0x000000df14500000) (1024K)]
  0x0000022529045e50 JavaThread "Unconstrained build operations Thread 113"        [_thread_blocked, id=42264, stack(0x000000df14500000,0x000000df14600000) (1024K)]
  0x0000022529047890 JavaThread "Unconstrained build operations Thread 114"        [_thread_blocked, id=38668, stack(0x000000df14600000,0x000000df14700000) (1024K)]
  0x0000022529049960 JavaThread "Unconstrained build operations Thread 115"        [_thread_blocked, id=31728, stack(0x000000df14700000,0x000000df14800000) (1024K)]
  0x00000225290464e0 JavaThread "Unconstrained build operations Thread 116"        [_thread_blocked, id=23912, stack(0x000000df14800000,0x000000df14900000) (1024K)]
  0x000002252904a680 JavaThread "Unconstrained build operations Thread 117"        [_thread_blocked, id=30740, stack(0x000000df14900000,0x000000df14a00000) (1024K)]
  0x000002252904ba30 JavaThread "Unconstrained build operations Thread 118"        [_thread_blocked, id=34268, stack(0x000000df14a00000,0x000000df14b00000) (1024K)]
  0x000002252904ad10 JavaThread "Unconstrained build operations Thread 119"        [_thread_blocked, id=41936, stack(0x000000df14b00000,0x000000df14c00000) (1024K)]
  0x000002252904c0c0 JavaThread "Unconstrained build operations Thread 120"        [_thread_blocked, id=45304, stack(0x000000df14c00000,0x000000df14d00000) (1024K)]
  0x000002252904cde0 JavaThread "Unconstrained build operations Thread 121"        [_thread_blocked, id=28856, stack(0x000000df14d00000,0x000000df14e00000) (1024K)]
  0x000002252904c750 JavaThread "Unconstrained build operations Thread 122"        [_thread_blocked, id=43200, stack(0x000000df14e00000,0x000000df14f00000) (1024K)]
  0x000002252904d470 JavaThread "Unconstrained build operations Thread 123"        [_thread_blocked, id=39628, stack(0x000000df14f00000,0x000000df15000000) (1024K)]
  0x000002252904b3a0 JavaThread "Unconstrained build operations Thread 124"        [_thread_blocked, id=46584, stack(0x000000df15000000,0x000000df15100000) (1024K)]
  0x0000022529049ff0 JavaThread "Unconstrained build operations Thread 125"        [_thread_blocked, id=47100, stack(0x000000df15100000,0x000000df15200000) (1024K)]
  0x000002252904e190 JavaThread "Unconstrained build operations Thread 126"        [_thread_blocked, id=46728, stack(0x000000df15200000,0x000000df15300000) (1024K)]
  0x000002252904e820 JavaThread "Unconstrained build operations Thread 127"        [_thread_blocked, id=46972, stack(0x000000df15300000,0x000000df15400000) (1024K)]
  0x000002252904db00 JavaThread "Unconstrained build operations Thread 128"        [_thread_blocked, id=46324, stack(0x000000df15400000,0x000000df15500000) (1024K)]
  0x000002252904eeb0 JavaThread "Unconstrained build operations Thread 129"        [_thread_blocked, id=12544, stack(0x000000df15500000,0x000000df15600000) (1024K)]
  0x000002252904f540 JavaThread "Unconstrained build operations Thread 130"        [_thread_blocked, id=46452, stack(0x000000df15600000,0x000000df15700000) (1024K)]
  0x00000225281f8ef0 JavaThread "Unconstrained build operations Thread 131"        [_thread_blocked, id=46532, stack(0x000000df15700000,0x000000df15800000) (1024K)]
  0x00000225281f7b40 JavaThread "Unconstrained build operations Thread 132"        [_thread_blocked, id=5152, stack(0x000000df15800000,0x000000df15900000) (1024K)]
  0x00000225281fa930 JavaThread "Unconstrained build operations Thread 133"        [_thread_blocked, id=41960, stack(0x000000df15900000,0x000000df15a00000) (1024K)]
  0x00000225281f81d0 JavaThread "Unconstrained build operations Thread 134"        [_thread_blocked, id=36128, stack(0x000000df15a00000,0x000000df15b00000) (1024K)]
  0x00000225281fa2a0 JavaThread "Unconstrained build operations Thread 135"        [_thread_blocked, id=44872, stack(0x000000df15b00000,0x000000df15c00000) (1024K)]
  0x00000225281f9c10 JavaThread "Unconstrained build operations Thread 136"        [_thread_blocked, id=40820, stack(0x000000df15c00000,0x000000df15d00000) (1024K)]
  0x00000225281f9580 JavaThread "Unconstrained build operations Thread 137"        [_thread_blocked, id=27172, stack(0x000000df15d00000,0x000000df15e00000) (1024K)]
  0x00000225281f74b0 JavaThread "Unconstrained build operations Thread 138"        [_thread_blocked, id=47024, stack(0x000000df15e00000,0x000000df15f00000) (1024K)]
  0x00000225281f8860 JavaThread "Unconstrained build operations Thread 139"        [_thread_blocked, id=43892, stack(0x000000df15f00000,0x000000df16000000) (1024K)]
  0x00000225281fb650 JavaThread "Unconstrained build operations Thread 140"        [_thread_blocked, id=41856, stack(0x000000df16000000,0x000000df16100000) (1024K)]
  0x00000225281fd090 JavaThread "Unconstrained build operations Thread 141"        [_thread_blocked, id=45852, stack(0x000000df16100000,0x000000df16200000) (1024K)]
  0x00000225281fafc0 JavaThread "Unconstrained build operations Thread 142"        [_thread_blocked, id=46692, stack(0x000000df16200000,0x000000df16300000) (1024K)]
  0x00000225281fd720 JavaThread "Unconstrained build operations Thread 143"        [_thread_blocked, id=39616, stack(0x000000df16300000,0x000000df16400000) (1024K)]
  0x00000225281fe440 JavaThread "Unconstrained build operations Thread 144"        [_thread_blocked, id=46524, stack(0x000000df16400000,0x000000df16500000) (1024K)]
  0x00000225281fddb0 JavaThread "Unconstrained build operations Thread 145"        [_thread_blocked, id=46412, stack(0x000000df16500000,0x000000df16600000) (1024K)]
  0x00000225281fead0 JavaThread "Unconstrained build operations Thread 146"        [_thread_blocked, id=23512, stack(0x000000df16600000,0x000000df16700000) (1024K)]
  0x00000225281ff160 JavaThread "Unconstrained build operations Thread 147"        [_thread_blocked, id=39756, stack(0x000000df16700000,0x000000df16800000) (1024K)]
  0x00000225281fbce0 JavaThread "Unconstrained build operations Thread 148"        [_thread_blocked, id=40840, stack(0x000000df16800000,0x000000df16900000) (1024K)]
  0x00000225281fca00 JavaThread "Unconstrained build operations Thread 149"        [_thread_blocked, id=30120, stack(0x000000df16900000,0x000000df16a00000) (1024K)]
  0x00000225281ff7f0 JavaThread "Unconstrained build operations Thread 150"        [_thread_blocked, id=7548, stack(0x000000df16a00000,0x000000df16b00000) (1024K)]
  0x00000225281fc370 JavaThread "Unconstrained build operations Thread 151"        [_thread_blocked, id=23920, stack(0x000000df16b00000,0x000000df16c00000) (1024K)]
  0x00000225282025e0 JavaThread "WorkerExecutor Queue"              [_thread_blocked, id=42044, stack(0x000000df16c00000,0x000000df16d00000) (1024K)]
  0x0000022528202c70 JavaThread "RMI Scheduler(0)"           daemon [_thread_blocked, id=45564, stack(0x000000df16d00000,0x000000df16e00000) (1024K)]
  0x0000022528200510 JavaThread "RMI GC Daemon"              daemon [_thread_blocked, id=1860, stack(0x000000df17100000,0x000000df17200000) (1024K)]
  0x0000022528204020 JavaThread "RMI TCP Accept-0"           daemon [_thread_in_native, id=33324, stack(0x000000df17200000,0x000000df17300000) (1024K)]
  0x0000022528200ba0 JavaThread "RMI Reaper"                        [_thread_blocked, id=46736, stack(0x000000df17300000,0x000000df17400000) (1024K)]
  0x0000022528203300 JavaThread "RMI TCP Connection(1)-127.0.0.1" daemon [_thread_in_native, id=29036, stack(0x000000df17400000,0x000000df17500000) (1024K)]
  0x0000022528e9b790 JavaThread "C1 CompilerThread1"         daemon [_thread_blocked, id=46476, stack(0x000000df13f00000,0x000000df14000000) (1024K)]
  0x0000022528204d40 JavaThread "Unconstrained build operations Thread 152"        [_thread_blocked, id=43144, stack(0x000000df17700000,0x000000df17800000) (1024K)]
  0x0000022528206780 JavaThread "Unconstrained build operations Thread 153"        [_thread_blocked, id=19912, stack(0x000000df17800000,0x000000df17900000) (1024K)]
  0x00000225282053d0 JavaThread "Unconstrained build operations Thread 154"        [_thread_blocked, id=3320, stack(0x000000df17900000,0x000000df17a00000) (1024K)]
  0x00000225282060f0 JavaThread "Unconstrained build operations Thread 155"        [_thread_blocked, id=18052, stack(0x000000df17a00000,0x000000df17b00000) (1024K)]
  0x0000022528203990 JavaThread "Unconstrained build operations Thread 156"        [_thread_blocked, id=46880, stack(0x000000df17b00000,0x000000df17c00000) (1024K)]
  0x0000022528c64540 JavaThread "Unconstrained build operations Thread 157"        [_thread_blocked, id=30256, stack(0x000000df17c00000,0x000000df17d00000) (1024K)]
  0x0000022528c62470 JavaThread "Unconstrained build operations Thread 158"        [_thread_blocked, id=27644, stack(0x000000df17d00000,0x000000df17e00000) (1024K)]
  0x0000022528c64bd0 JavaThread "Unconstrained build operations Thread 159"        [_thread_blocked, id=13168, stack(0x000000df17e00000,0x000000df17f00000) (1024K)]
  0x0000022528c63eb0 JavaThread "Unconstrained build operations Thread 160"        [_thread_blocked, id=38068, stack(0x000000df17f00000,0x000000df18000000) (1024K)]
  0x0000022528c61750 JavaThread "Unconstrained build operations Thread 161"        [_thread_blocked, id=42300, stack(0x000000df18000000,0x000000df18100000) (1024K)]
  0x0000022528c65260 JavaThread "Unconstrained build operations Thread 162"        [_thread_blocked, id=42084, stack(0x000000df18100000,0x000000df18200000) (1024K)]
  0x0000022528c61de0 JavaThread "Unconstrained build operations Thread 163"        [_thread_blocked, id=42676, stack(0x000000df18200000,0x000000df18300000) (1024K)]
  0x0000022528c63190 JavaThread "Unconstrained build operations Thread 164"        [_thread_blocked, id=41916, stack(0x000000df18300000,0x000000df18400000) (1024K)]
  0x0000022528c62b00 JavaThread "Unconstrained build operations Thread 165"        [_thread_blocked, id=43784, stack(0x000000df18400000,0x000000df18500000) (1024K)]
  0x0000022528c658f0 JavaThread "Unconstrained build operations Thread 166"        [_thread_blocked, id=8152, stack(0x000000df18500000,0x000000df18600000) (1024K)]
  0x0000022528c66ca0 JavaThread "Unconstrained build operations Thread 167"        [_thread_blocked, id=11216, stack(0x000000df18600000,0x000000df18700000) (1024K)]
  0x0000022528c65f80 JavaThread "Unconstrained build operations Thread 168"        [_thread_blocked, id=30624, stack(0x000000df18700000,0x000000df18800000) (1024K)]
  0x0000022528c66610 JavaThread "Unconstrained build operations Thread 169"        [_thread_blocked, id=28740, stack(0x000000df18800000,0x000000df18900000) (1024K)]
  0x0000022528c63820 JavaThread "Unconstrained build operations Thread 170"        [_thread_blocked, id=32796, stack(0x000000df18900000,0x000000df18a00000) (1024K)]
  0x0000022528c6a7b0 JavaThread "Unconstrained build operations Thread 171"        [_thread_blocked, id=18260, stack(0x000000df18a00000,0x000000df18b00000) (1024K)]
  0x0000022528c6a120 JavaThread "Unconstrained build operations Thread 172"        [_thread_blocked, id=27636, stack(0x000000df18b00000,0x000000df18c00000) (1024K)]
  0x0000022528c69a90 JavaThread "Unconstrained build operations Thread 173"        [_thread_blocked, id=5300, stack(0x000000df17000000,0x000000df17100000) (1024K)]
  0x0000022528c67330 JavaThread "Unconstrained build operations Thread 174"        [_thread_blocked, id=2496, stack(0x000000df18c00000,0x000000df18d00000) (1024K)]
  0x0000022528c69400 JavaThread "Unconstrained build operations Thread 175"        [_thread_blocked, id=23952, stack(0x000000df18d00000,0x000000df18e00000) (1024K)]
  0x0000022528c6ae40 JavaThread "Unconstrained build operations Thread 176"        [_thread_blocked, id=2548, stack(0x000000df18e00000,0x000000df18f00000) (1024K)]
  0x0000022528c68050 JavaThread "Unconstrained build operations Thread 177"        [_thread_blocked, id=39528, stack(0x000000df18f00000,0x000000df19000000) (1024K)]
  0x0000022528c679c0 JavaThread "Unconstrained build operations Thread 178"        [_thread_blocked, id=45200, stack(0x000000df19000000,0x000000df19100000) (1024K)]
  0x0000022528c6b4d0 JavaThread "Unconstrained build operations Thread 179"        [_thread_blocked, id=30888, stack(0x000000df19100000,0x000000df19200000) (1024K)]
  0x0000022528c6bb60 JavaThread "Unconstrained build operations Thread 180"        [_thread_blocked, id=35932, stack(0x000000df19200000,0x000000df19300000) (1024K)]
  0x0000022528c686e0 JavaThread "Unconstrained build operations Thread 181"        [_thread_blocked, id=25272, stack(0x000000df19300000,0x000000df19400000) (1024K)]
  0x0000022528c6c1f0 JavaThread "Unconstrained build operations Thread 182"        [_thread_blocked, id=42020, stack(0x000000df19400000,0x000000df19500000) (1024K)]
  0x0000022528c68d70 JavaThread "Unconstrained build operations Thread 183"        [_thread_blocked, id=40764, stack(0x000000df19500000,0x000000df19600000) (1024K)]
  0x0000022528c6cf10 JavaThread "Unconstrained build operations Thread 184"        [_thread_blocked, id=43660, stack(0x000000df19600000,0x000000df19700000) (1024K)]
  0x0000022528c6f670 JavaThread "Unconstrained build operations Thread 185"        [_thread_blocked, id=45988, stack(0x000000df19700000,0x000000df19800000) (1024K)]
  0x0000022528c6d5a0 JavaThread "Unconstrained build operations Thread 186"        [_thread_blocked, id=45980, stack(0x000000df19800000,0x000000df19900000) (1024K)]
  0x0000022528c6fd00 JavaThread "Unconstrained build operations Thread 187"        [_thread_blocked, id=42780, stack(0x000000df19900000,0x000000df19a00000) (1024K)]
  0x0000022528c6c880 JavaThread "Unconstrained build operations Thread 188"        [_thread_blocked, id=8144, stack(0x000000df19a00000,0x000000df19b00000) (1024K)]
  0x0000022528c6e950 JavaThread "Unconstrained build operations Thread 189"        [_thread_blocked, id=45968, stack(0x000000df19b00000,0x000000df19c00000) (1024K)]
  0x0000022528c70390 JavaThread "Unconstrained build operations Thread 190"        [_thread_blocked, id=32640, stack(0x000000df19c00000,0x000000df19d00000) (1024K)]
  0x0000022528c6dc30 JavaThread "Unconstrained build operations Thread 191"        [_thread_blocked, id=3696, stack(0x000000df19d00000,0x000000df19e00000) (1024K)]
  0x0000022528c6efe0 JavaThread "Unconstrained build operations Thread 192"        [_thread_blocked, id=13996, stack(0x000000df19e00000,0x000000df19f00000) (1024K)]
  0x0000022528c70a20 JavaThread "Unconstrained build operations Thread 193"        [_thread_blocked, id=2396, stack(0x000000df19f00000,0x000000df1a000000) (1024K)]
  0x0000022528c6e2c0 JavaThread "Unconstrained build operations Thread 194"        [_thread_blocked, id=24048, stack(0x000000df1a000000,0x000000df1a100000) (1024K)]
  0x00000225281ffe80 JavaThread "Unconstrained build operations Thread 195"        [_thread_blocked, id=30340, stack(0x000000df1a100000,0x000000df1a200000) (1024K)]
  0x00000224df7fa9c0 JavaThread "Unconstrained build operations Thread 196"        [_thread_blocked, id=45788, stack(0x000000df1a200000,0x000000df1a300000) (1024K)]
  0x00000224df7fa330 JavaThread "Unconstrained build operations Thread 197"        [_thread_blocked, id=9312, stack(0x000000df1a300000,0x000000df1a400000) (1024K)]
  0x00000224df7f9ca0 JavaThread "Unconstrained build operations Thread 198"        [_thread_blocked, id=39724, stack(0x000000df1a400000,0x000000df1a500000) (1024K)]
  0x00000224df7fc400 JavaThread "Unconstrained build operations Thread 199"        [_thread_blocked, id=5236, stack(0x000000df1a500000,0x000000df1a600000) (1024K)]
  0x00000224df7fb050 JavaThread "Unconstrained build operations Thread 200"        [_thread_blocked, id=7232, stack(0x000000df1a600000,0x000000df1a700000) (1024K)]
  0x00000224df7fb6e0 JavaThread "Unconstrained build operations Thread 201"        [_thread_blocked, id=37276, stack(0x000000df1a700000,0x000000df1a800000) (1024K)]
  0x00000224df7f8f80 JavaThread "Unconstrained build operations Thread 202"        [_thread_blocked, id=44992, stack(0x000000df1a800000,0x000000df1a900000) (1024K)]
  0x00000224df7fbd70 JavaThread "Unconstrained build operations Thread 203"        [_thread_blocked, id=20080, stack(0x000000df1a900000,0x000000df1aa00000) (1024K)]
  0x00000224df7fca90 JavaThread "Unconstrained build operations Thread 204"        [_thread_blocked, id=13128, stack(0x000000df1aa00000,0x000000df1ab00000) (1024K)]
  0x00000224df7f9610 JavaThread "Unconstrained build operations Thread 205"        [_thread_blocked, id=46420, stack(0x000000df1ab00000,0x000000df1ac00000) (1024K)]
  0x00000224df7feb60 JavaThread "Unconstrained build operations Thread 206"        [_thread_blocked, id=10032, stack(0x000000df1ac00000,0x000000df1ad00000) (1024K)]
  0x00000224df7fd120 JavaThread "Unconstrained build operations Thread 207"        [_thread_blocked, id=45272, stack(0x000000df1ad00000,0x000000df1ae00000) (1024K)]
  0x00000224df7fff10 JavaThread "Unconstrained build operations Thread 208"        [_thread_blocked, id=10544, stack(0x000000df1ae00000,0x000000df1af00000) (1024K)]
  0x00000224df7ff880 JavaThread "Unconstrained build operations Thread 209"        [_thread_blocked, id=8004, stack(0x000000df1af00000,0x000000df1b000000) (1024K)]
  0x00000224df8005a0 JavaThread "Unconstrained build operations Thread 210"        [_thread_blocked, id=16120, stack(0x000000df1b000000,0x000000df1b100000) (1024K)]
  0x00000224df800c30 JavaThread "Unconstrained build operations Thread 211"        [_thread_blocked, id=43480, stack(0x000000df1b100000,0x000000df1b200000) (1024K)]
  0x00000224df7fe4d0 JavaThread "Unconstrained build operations Thread 212"        [_thread_blocked, id=44820, stack(0x000000df1b200000,0x000000df1b300000) (1024K)]
  0x00000224df7fd7b0 JavaThread "Unconstrained build operations Thread 213"        [_thread_blocked, id=45212, stack(0x000000df1b300000,0x000000df1b400000) (1024K)]
  0x00000224df8012c0 JavaThread "Unconstrained build operations Thread 214"        [_thread_blocked, id=43092, stack(0x000000df1b400000,0x000000df1b500000) (1024K)]
  0x00000224df7fde40 JavaThread "Unconstrained build operations Thread 215"        [_thread_blocked, id=6860, stack(0x000000df1b500000,0x000000df1b600000) (1024K)]
  0x00000224df801950 JavaThread "Unconstrained build operations Thread 216"        [_thread_blocked, id=19260, stack(0x000000df1b600000,0x000000df1b700000) (1024K)]
  0x00000224df801fe0 JavaThread "Unconstrained build operations Thread 217"        [_thread_blocked, id=41088, stack(0x000000df1b700000,0x000000df1b800000) (1024K)]
  0x00000224df7ff1f0 JavaThread "Unconstrained build operations Thread 218"        [_thread_blocked, id=46512, stack(0x000000df1b800000,0x000000df1b900000) (1024K)]
  0x00000224df803a20 JavaThread "Unconstrained build operations Thread 219"        [_thread_blocked, id=22704, stack(0x000000df1b900000,0x000000df1ba00000) (1024K)]
  0x00000224df802670 JavaThread "Unconstrained build operations Thread 220"        [_thread_blocked, id=42564, stack(0x000000df1ba00000,0x000000df1bb00000) (1024K)]
  0x00000224df805460 JavaThread "Unconstrained build operations Thread 221"        [_thread_blocked, id=46992, stack(0x000000df1bb00000,0x000000df1bc00000) (1024K)]
  0x00000224df8040b0 JavaThread "Unconstrained build operations Thread 222"        [_thread_blocked, id=42604, stack(0x000000df1bc00000,0x000000df1bd00000) (1024K)]
  0x00000224df805af0 JavaThread "Unconstrained build operations Thread 223"        [_thread_blocked, id=46184, stack(0x000000df1bd00000,0x000000df1be00000) (1024K)]
  0x00000224df806180 JavaThread "Unconstrained build operations Thread 224"        [_thread_blocked, id=5160, stack(0x000000df1be00000,0x000000df1bf00000) (1024K)]
  0x00000224df804740 JavaThread "Unconstrained build operations Thread 225"        [_thread_blocked, id=45192, stack(0x000000df1bf00000,0x000000df1c000000) (1024K)]
  0x00000224df802d00 JavaThread "Unconstrained build operations Thread 226"        [_thread_blocked, id=46896, stack(0x000000df1c000000,0x000000df1c100000) (1024K)]
  0x00000224df806810 JavaThread "Unconstrained build operations Thread 227"        [_thread_blocked, id=3488, stack(0x000000df1c100000,0x000000df1c200000) (1024K)]
  0x00000224df804dd0 JavaThread "Unconstrained build operations Thread 228"        [_thread_blocked, id=47016, stack(0x000000df1c200000,0x000000df1c300000) (1024K)]
  0x00000224df803390 JavaThread "Unconstrained build operations Thread 229"        [_thread_blocked, id=46568, stack(0x000000df1c300000,0x000000df1c400000) (1024K)]
  0x00000224df807530 JavaThread "Unconstrained build operations Thread 230"        [_thread_blocked, id=42060, stack(0x000000df1c400000,0x000000df1c500000) (1024K)]
  0x00000224df806ea0 JavaThread "Unconstrained build operations Thread 231"        [_thread_blocked, id=3064, stack(0x000000df1c500000,0x000000df1c600000) (1024K)]
  0x00000224df807bc0 JavaThread "Unconstrained build operations Thread 232"        [_thread_blocked, id=13560, stack(0x000000df1c600000,0x000000df1c700000) (1024K)]
  0x000002252b0bb200 JavaThread "Unconstrained build operations Thread 233"        [_thread_blocked, id=36940, stack(0x000000df08200000,0x000000df08300000) (1024K)]
  0x000002252b0b8aa0 JavaThread "Unconstrained build operations Thread 234"        [_thread_blocked, id=46696, stack(0x000000df09f00000,0x000000df0a000000) (1024K)]
  0x000002252b0bab70 JavaThread "Unconstrained build operations Thread 235"        [_thread_blocked, id=22848, stack(0x000000df0a000000,0x000000df0a100000) (1024K)]
  0x000002252b0b7d80 JavaThread "Unconstrained build operations Thread 236"        [_thread_blocked, id=42976, stack(0x000000df1c700000,0x000000df1c800000) (1024K)]
  0x000002252b0ba4e0 JavaThread "Unconstrained build operations Thread 237"        [_thread_blocked, id=32624, stack(0x000000df1c800000,0x000000df1c900000) (1024K)]
  0x000002252b0bb890 JavaThread "Unconstrained build operations Thread 238"        [_thread_blocked, id=40304, stack(0x000000df1c900000,0x000000df1ca00000) (1024K)]
  0x000002252b0b97c0 JavaThread "Unconstrained build operations Thread 239"        [_thread_blocked, id=41524, stack(0x000000df1ca00000,0x000000df1cb00000) (1024K)]
  0x000002252b0b8410 JavaThread "Unconstrained build operations Thread 240"        [_thread_blocked, id=32960, stack(0x000000df1cb00000,0x000000df1cc00000) (1024K)]
  0x000002252b0bbf20 JavaThread "Unconstrained build operations Thread 241"        [_thread_blocked, id=19248, stack(0x000000df1cc00000,0x000000df1cd00000) (1024K)]
  0x000002252b0bc5b0 JavaThread "Unconstrained build operations Thread 242"        [_thread_blocked, id=41968, stack(0x000000df1cd00000,0x000000df1ce00000) (1024K)]
  0x000002252b0b9130 JavaThread "Unconstrained build operations Thread 243"        [_thread_blocked, id=45148, stack(0x000000df1ce00000,0x000000df1cf00000) (1024K)]
  0x000002252b0bcc40 JavaThread "Unconstrained build operations Thread 244"        [_thread_blocked, id=45508, stack(0x000000df1cf00000,0x000000df1d000000) (1024K)]
  0x000002252b0bd2d0 JavaThread "Unconstrained build operations Thread 245"        [_thread_blocked, id=46608, stack(0x000000df1d000000,0x000000df1d100000) (1024K)]
  0x000002252b0b9e50 JavaThread "Unconstrained build operations Thread 246"        [_thread_blocked, id=46160, stack(0x000000df1d100000,0x000000df1d200000) (1024K)]
  0x000002252b0bed10 JavaThread "Unconstrained build operations Thread 247"        [_thread_blocked, id=45348, stack(0x000000df1d200000,0x000000df1d300000) (1024K)]
  0x000002252b0bf3a0 JavaThread "Unconstrained build operations Thread 248"        [_thread_blocked, id=46276, stack(0x000000df1d300000,0x000000df1d400000) (1024K)]
  0x000002252b0c0750 JavaThread "Unconstrained build operations Thread 249"        [_thread_blocked, id=43600, stack(0x000000df1d400000,0x000000df1d500000) (1024K)]
  0x000002252b0bfa30 JavaThread "Unconstrained build operations Thread 250"        [_thread_blocked, id=45928, stack(0x000000df1d500000,0x000000df1d600000) (1024K)]
  0x000002252b0bd960 JavaThread "Unconstrained build operations Thread 251"        [_thread_blocked, id=39508, stack(0x000000df1d600000,0x000000df1d700000) (1024K)]
  0x000002252b0c00c0 JavaThread "Unconstrained build operations Thread 252"        [_thread_blocked, id=27564, stack(0x000000df1d700000,0x000000df1d800000) (1024K)]
  0x000002252b0c1470 JavaThread "Unconstrained build operations Thread 253"        [_thread_blocked, id=13028, stack(0x000000df1d800000,0x000000df1d900000) (1024K)]
  0x000002252b0c0de0 JavaThread "Unconstrained build operations Thread 254"        [_thread_blocked, id=27696, stack(0x000000df1d900000,0x000000df1da00000) (1024K)]
  0x000002252b0bdff0 JavaThread "Unconstrained build operations Thread 255"        [_thread_blocked, id=4152, stack(0x000000df1da00000,0x000000df1db00000) (1024K)]
  0x000002252b0c1b00 JavaThread "Unconstrained build operations Thread 256"        [_thread_blocked, id=23808, stack(0x000000df1db00000,0x000000df1dc00000) (1024K)]
  0x000002252b0be680 JavaThread "Unconstrained build operations Thread 257"        [_thread_blocked, id=30148, stack(0x000000df1dc00000,0x000000df1dd00000) (1024K)]
  0x000002252b0c4260 JavaThread "Unconstrained build operations Thread 258"        [_thread_blocked, id=47060, stack(0x000000df1dd00000,0x000000df1de00000) (1024K)]
  0x000002252b0c2190 JavaThread "Unconstrained build operations Thread 259"        [_thread_blocked, id=43064, stack(0x000000df1de00000,0x000000df1df00000) (1024K)]
  0x000002252b0c3bd0 JavaThread "Unconstrained build operations Thread 260"        [_thread_blocked, id=16416, stack(0x000000df1df00000,0x000000df1e000000) (1024K)]
  0x000002252b0c5ca0 JavaThread "Unconstrained build operations Thread 261"        [_thread_blocked, id=42224, stack(0x000000df1e000000,0x000000df1e100000) (1024K)]
  0x000002252b0c48f0 JavaThread "Unconstrained build operations Thread 262"        [_thread_blocked, id=40832, stack(0x000000df1e100000,0x000000df1e200000) (1024K)]
  0x000002252b0c4f80 JavaThread "Unconstrained build operations Thread 263"        [_thread_blocked, id=13332, stack(0x000000df1e200000,0x000000df1e300000) (1024K)]
  0x000002252b0c5610 JavaThread "Unconstrained build operations Thread 264"        [_thread_blocked, id=7712, stack(0x000000df1e300000,0x000000df1e400000) (1024K)]
  0x000002252b0c2820 JavaThread "Unconstrained build operations Thread 265"        [_thread_blocked, id=40944, stack(0x000000df1e400000,0x000000df1e500000) (1024K)]
  0x000002252b0c6330 JavaThread "Unconstrained build operations Thread 266"        [_thread_blocked, id=43556, stack(0x000000df1e500000,0x000000df1e600000) (1024K)]
  0x000002252b0c2eb0 JavaThread "Unconstrained build operations Thread 267"        [_thread_blocked, id=11388, stack(0x000000df1e600000,0x000000df1e700000) (1024K)]
  0x000002252b0c7050 JavaThread "build event listener"              [_thread_blocked, id=45412, stack(0x000000df09400000,0x000000df09500000) (1024K)]
  0x000002252b0d1af0 JavaThread "jar transforms"                    [_thread_blocked, id=24708, stack(0x000000df1e900000,0x000000df1ea00000) (1024K)]
  0x000002252b0d48e0 JavaThread "Unconstrained build operations Thread 268"        [_thread_blocked, id=46364, stack(0x000000df1ea00000,0x000000df1eb00000) (1024K)]
  0x000002252b0d4f70 JavaThread "Unconstrained build operations Thread 269"        [_thread_blocked, id=14140, stack(0x000000df1eb00000,0x000000df1ec00000) (1024K)]
  0x000002252b0d5600 JavaThread "Unconstrained build operations Thread 270"        [_thread_blocked, id=43748, stack(0x000000df1ec00000,0x000000df1ed00000) (1024K)]
  0x000002252b0d3530 JavaThread "Unconstrained build operations Thread 271"        [_thread_blocked, id=33420, stack(0x000000df1ed00000,0x000000df1ee00000) (1024K)]
  0x000002252b0d2810 JavaThread "Unconstrained build operations Thread 272"        [_thread_blocked, id=3716, stack(0x000000df1ee00000,0x000000df1ef00000) (1024K)]
  0x000002252b0d2ea0 JavaThread "Unconstrained build operations Thread 273"        [_thread_blocked, id=24728, stack(0x000000df1ef00000,0x000000df1f000000) (1024K)]
  0x000002252b0d2180 JavaThread "Unconstrained build operations Thread 274"        [_thread_blocked, id=47008, stack(0x000000df1f000000,0x000000df1f100000) (1024K)]
  0x000002252b0d5c90 JavaThread "Unconstrained build operations Thread 275"        [_thread_blocked, id=19524, stack(0x000000df1f100000,0x000000df1f200000) (1024K)]
  0x000002252b0d6320 JavaThread "Unconstrained build operations Thread 276"        [_thread_blocked, id=46132, stack(0x000000df1f200000,0x000000df1f300000) (1024K)]
  0x000002252b0d69b0 JavaThread "Unconstrained build operations Thread 277"        [_thread_blocked, id=46752, stack(0x000000df1f300000,0x000000df1f400000) (1024K)]
  0x000002252b0d7040 JavaThread "Unconstrained build operations Thread 278"        [_thread_blocked, id=18912, stack(0x000000df1f400000,0x000000df1f500000) (1024K)]
  0x000002252a36ad40 JavaThread "Unconstrained build operations Thread 279"        [_thread_blocked, id=43244, stack(0x000000df1f500000,0x000000df1f600000) (1024K)]
  0x000002252a36a6b0 JavaThread "Unconstrained build operations Thread 280"        [_thread_blocked, id=31180, stack(0x000000df1f600000,0x000000df1f700000) (1024K)]
  0x000002252a369300 JavaThread "jar transforms Thread 2"           [_thread_blocked, id=46244, stack(0x000000df07100000,0x000000df07200000) (1024K)]
  0x000002252a36b3d0 JavaThread "Problems report writer"            [_thread_blocked, id=45168, stack(0x000000df1f700000,0x000000df1f800000) (1024K)]
  0x000002252a36c0f0 JavaThread "jar transforms Thread 3"           [_thread_blocked, id=10724, stack(0x000000df1f800000,0x000000df1f900000) (1024K)]
  0x000002252a36a020 JavaThread "jar transforms Thread 4"           [_thread_blocked, id=33196, stack(0x000000df1f900000,0x000000df1fa00000) (1024K)]
  0x000002252a36ce10 JavaThread "jar transforms Thread 5"           [_thread_blocked, id=46924, stack(0x000000df1fa00000,0x000000df1fb00000) (1024K)]
  0x000002252a369990 JavaThread "jar transforms Thread 6"           [_thread_blocked, id=20412, stack(0x000000df1fb00000,0x000000df1fc00000) (1024K)]
  0x000002252a36d4a0 JavaThread "jar transforms Thread 7"           [_thread_blocked, id=5784, stack(0x000000df1fc00000,0x000000df1fd00000) (1024K)]
  0x000002252a352380 JavaThread "jar transforms Thread 8"           [_thread_blocked, id=46424, stack(0x000000df1fd00000,0x000000df1fe00000) (1024K)]
  0x000002252a350940 JavaThread "jar transforms Thread 9"           [_thread_blocked, id=44744, stack(0x000000df1fe00000,0x000000df1ff00000) (1024K)]
  0x000002252a350fd0 JavaThread "jar transforms Thread 10"          [_thread_blocked, id=43156, stack(0x000000df1ff00000,0x000000df20000000) (1024K)]
  0x000002252cc6bae0 JavaThread "C2 CompilerThread1"         daemon [_thread_blocked, id=43832, stack(0x000000df1e700000,0x000000df1e800000) (1024K)]
  0x000002252a351cf0 JavaThread "jar transforms Thread 11"          [_thread_blocked, id=43836, stack(0x000000df20000000,0x000000df20100000) (1024K)]
  0x000002252a351660 JavaThread "jar transforms Thread 12"          [_thread_blocked, id=14852, stack(0x000000df20100000,0x000000df20200000) (1024K)]
  0x000002252a34ef00 JavaThread "jar transforms Thread 13"          [_thread_blocked, id=40176, stack(0x000000df20200000,0x000000df20300000) (1024K)]
  0x000002252a352a10 JavaThread "jar transforms Thread 14"          [_thread_blocked, id=37960, stack(0x000000df20300000,0x000000df20400000) (1024K)]
  0x000002252a3502b0 JavaThread "jar transforms Thread 15"          [_thread_blocked, id=18672, stack(0x000000df20400000,0x000000df20500000) (1024K)]
  0x000002252a34f590 JavaThread "jar transforms Thread 16"          [_thread_blocked, id=37716, stack(0x000000df20500000,0x000000df20600000) (1024K)]
  0x000002252a34fc20 JavaThread "jar transforms Thread 17"          [_thread_blocked, id=36132, stack(0x000000df20600000,0x000000df20700000) (1024K)]
  0x000002252a356520 JavaThread "jar transforms Thread 18"          [_thread_blocked, id=23672, stack(0x000000df20700000,0x000000df20800000) (1024K)]
  0x000002252a353730 JavaThread "jar transforms Thread 19"          [_thread_blocked, id=41188, stack(0x000000df20800000,0x000000df20900000) (1024K)]
  0x000002252a3530a0 JavaThread "jar transforms Thread 20"          [_thread_blocked, id=21084, stack(0x000000df20900000,0x000000df20a00000) (1024K)]
  0x000002252a354450 JavaThread "jar transforms Thread 21"          [_thread_blocked, id=46848, stack(0x000000df20a00000,0x000000df20b00000) (1024K)]
  0x000002252a353dc0 JavaThread "jar transforms Thread 22"          [_thread_blocked, id=46884, stack(0x000000df20b00000,0x000000df20c00000) (1024K)]
  0x000002252a355800 JavaThread "jar transforms Thread 23"          [_thread_blocked, id=46684, stack(0x000000df20c00000,0x000000df20d00000) (1024K)]
  0x000002252a356bb0 JavaThread "jar transforms Thread 24"          [_thread_blocked, id=9064, stack(0x000000df20d00000,0x000000df20e00000) (1024K)]
  0x000002252a357f60 JavaThread "jar transforms Thread 25"          [_thread_blocked, id=46468, stack(0x000000df20e00000,0x000000df20f00000) (1024K)]
  0x000002252a354ae0 JavaThread "jar transforms Thread 26"          [_thread_blocked, id=46720, stack(0x000000df20f00000,0x000000df21000000) (1024K)]
  0x000002252a355e90 JavaThread "jar transforms Thread 27"          [_thread_blocked, id=46440, stack(0x000000df21000000,0x000000df21100000) (1024K)]
  0x000002252a355170 JavaThread "jar transforms Thread 28"          [_thread_blocked, id=46860, stack(0x000000df21100000,0x000000df21200000) (1024K)]
=>0x0000022526d2f570 JavaThread "C2 CompilerThread2"         daemon [_thread_in_native, id=23068, stack(0x000000df1e800000,0x000000df1e900000) (1024K)]
Total: 383

Other Threads:
  0x00000224dbc972d0 VMThread "VM Thread"                           [id=26420, stack(0x000000df07900000,0x000000df07a00000) (1024K)]
  0x00000224dbc86150 WatcherThread "VM Periodic Task Thread"        [id=42380, stack(0x000000df07800000,0x000000df07900000) (1024K)]
  0x00000224ad62cbe0 WorkerThread "GC Thread#0"                     [id=46180, stack(0x000000df07300000,0x000000df07400000) (1024K)]
  0x00000224df8505a0 WorkerThread "GC Thread#1"                     [id=45680, stack(0x000000df08900000,0x000000df08a00000) (1024K)]
  0x00000224df7a8aa0 WorkerThread "GC Thread#2"                     [id=15236, stack(0x000000df08a00000,0x000000df08b00000) (1024K)]
  0x00000224df826840 WorkerThread "GC Thread#3"                     [id=38228, stack(0x000000df08b00000,0x000000df08c00000) (1024K)]
  0x00000224df827000 WorkerThread "GC Thread#4"                     [id=42072, stack(0x000000df08c00000,0x000000df08d00000) (1024K)]
  0x00000224df6ce290 WorkerThread "GC Thread#5"                     [id=46196, stack(0x000000df08d00000,0x000000df08e00000) (1024K)]
  0x00000224df6cea50 WorkerThread "GC Thread#6"                     [id=37392, stack(0x000000df08e00000,0x000000df08f00000) (1024K)]
  0x00000224df6cf210 WorkerThread "GC Thread#7"                     [id=7580, stack(0x000000df08f00000,0x000000df09000000) (1024K)]
  0x00000224df6cf5c0 WorkerThread "GC Thread#8"                     [id=8604, stack(0x000000df09000000,0x000000df09100000) (1024K)]
  0x00000224df725970 WorkerThread "GC Thread#9"                     [id=17672, stack(0x000000df09100000,0x000000df09200000) (1024K)]
  0x00000224df726130 WorkerThread "GC Thread#10"                    [id=34328, stack(0x000000df09200000,0x000000df09300000) (1024K)]
  0x00000224df7264e0 WorkerThread "GC Thread#11"                    [id=46480, stack(0x000000df09300000,0x000000df09400000) (1024K)]
  0x0000022527e88760 WorkerThread "GC Thread#12"                    [id=46176, stack(0x000000df0a100000,0x000000df0a200000) (1024K)]
  0x0000022527e883b0 WorkerThread "GC Thread#13"                    [id=46316, stack(0x000000df0a200000,0x000000df0a300000) (1024K)]
  0x0000022527e88b10 WorkerThread "GC Thread#14"                    [id=46756, stack(0x000000df0a300000,0x000000df0a400000) (1024K)]
  0x0000022527e85770 WorkerThread "GC Thread#15"                    [id=46284, stack(0x000000df0a400000,0x000000df0a500000) (1024K)]
  0x0000022527e85ed0 WorkerThread "GC Thread#16"                    [id=46444, stack(0x000000df0a500000,0x000000df0a600000) (1024K)]
  0x0000022527e87140 WorkerThread "GC Thread#17"                    [id=39476, stack(0x000000df0a600000,0x000000df0a700000) (1024K)]
  0x0000022527e86280 WorkerThread "GC Thread#18"                    [id=46116, stack(0x000000df0a700000,0x000000df0a800000) (1024K)]
  0x0000022527e86630 WorkerThread "GC Thread#19"                    [id=17736, stack(0x000000df0a800000,0x000000df0a900000) (1024K)]
  0x00000224ad63eba0 ConcurrentGCThread "G1 Main Marker"            [id=46248, stack(0x000000df07400000,0x000000df07500000) (1024K)]
  0x00000224dbae1d60 WorkerThread "G1 Conc#0"                       [id=26024, stack(0x000000df07500000,0x000000df07600000) (1024K)]
  0x0000022527e869e0 WorkerThread "G1 Conc#1"                       [id=45632, stack(0x000000df0a900000,0x000000df0aa00000) (1024K)]
  0x0000022529d687c0 WorkerThread "G1 Conc#2"                       [id=2160, stack(0x000000df0aa00000,0x000000df0ab00000) (1024K)]
  0x0000022529d69a30 WorkerThread "G1 Conc#3"                       [id=46704, stack(0x000000df0ab00000,0x000000df0ac00000) (1024K)]
  0x0000022529d68b70 WorkerThread "G1 Conc#4"                       [id=40200, stack(0x000000df0ac00000,0x000000df0ad00000) (1024K)]
  0x00000224dbbd41e0 ConcurrentGCThread "G1 Refine#0"               [id=46460, stack(0x000000df07600000,0x000000df07700000) (1024K)]
  0x00000224dbbd4b10 ConcurrentGCThread "G1 Service"                [id=15488, stack(0x000000df07700000,0x000000df07800000) (1024K)]
Total: 30

Threads with active compile tasks:
C2 CompilerThread0  38789 19018       4       org.gradle.internal.execution.steps.ExecuteWorkBuildOperationFiringStep$$Lambda/0x00000224e1808930::apply (20 bytes)
C2 CompilerThread2  38789 19019       4       org.gradle.internal.execution.steps.ExecuteWorkBuildOperationFiringStep::lambda$execute$0 (78 bytes)
Total: 2

VM state: not at safepoint (normal execution)

VM Mutex/Monitor currently owned by a thread: None

Heap address: 0x0000000600000000, size: 8192 MB, Compressed Oops mode: Zero based, Oop shift amount: 3

CDS archive(s) mapped at: [0x00000224e0000000-0x00000224e0ba0000-0x00000224e0ba0000), size 12189696, SharedBaseAddress: 0x00000224e0000000, ArchiveRelocationMode: 1.
Compressed class space mapped at: 0x00000224e1000000-0x0000022521000000, reserved size: 1073741824
Narrow klass base: 0x00000224e0000000, Narrow klass shift: 0, Narrow klass range: 0x100000000

GC Precious Log:
 CardTable entry size: 512
 Card Set container configuration: InlinePtr #cards 4 size 8 Array Of Cards #cards 32 size 80 Howl #buckets 8 coarsen threshold 7372 Howl Bitmap #cards 1024 size 144 coarsen threshold 921 Card regions per heap region 1 cards per card region 8192
 CPUs: 28 total, 28 available
 Memory: 32472M
 Large Page Support: Disabled
 NUMA Support: Disabled
 Compressed Oops: Enabled (Zero based)
 Heap Region Size: 4M
 Heap Min Capacity: 8M
 Heap Initial Capacity: 508M
 Heap Max Capacity: 8G
 Pre-touch: Disabled
 Parallel Workers: 20
 Concurrent Workers: 5
 Concurrent Refinement Workers: 20
 Periodic GC: Disabled

Heap:
 garbage-first heap   total 401408K, used 292047K [0x0000000600000000, 0x0000000800000000)
  region size 4096K, 22 young (90112K), 5 survivors (20480K)
 Metaspace       used 117527K, committed 120512K, reserved 1179648K
  class space    used 16485K, committed 17920K, reserved 1048576K

Heap Regions: E=young(eden), S=young(survivor), O=old, HS=humongous(starts), HC=humongous(continues), CS=collection set, F=free, TAMS=top-at-mark-start, PB=parsable bottom
|   0|0x0000000600000000, 0x0000000600400000, 0x0000000600400000|100%|HS|  |TAMS 0x0000000600000000| PB 0x0000000600000000| Complete 
|   1|0x0000000600400000, 0x0000000600800000, 0x0000000600800000|100%| O|  |TAMS 0x0000000600400000| PB 0x0000000600400000| Untracked 
|   2|0x0000000600800000, 0x0000000600bb8888, 0x0000000600c00000| 93%| O|  |TAMS 0x0000000600800000| PB 0x0000000600800000| Untracked 
|   3|0x0000000600c00000, 0x0000000601000000, 0x0000000601000000|100%| O|  |TAMS 0x0000000600c00000| PB 0x0000000600c00000| Untracked 
|   4|0x0000000601000000, 0x0000000601400000, 0x0000000601400000|100%| O|  |TAMS 0x0000000601000000| PB 0x0000000601000000| Untracked 
|   5|0x0000000601400000, 0x0000000601800000, 0x0000000601800000|100%| O|  |TAMS 0x0000000601400000| PB 0x0000000601400000| Untracked 
|   6|0x0000000601800000, 0x0000000601c00000, 0x0000000601c00000|100%| O|  |TAMS 0x0000000601800000| PB 0x0000000601800000| Untracked 
|   7|0x0000000601c00000, 0x0000000602000000, 0x0000000602000000|100%| O|  |TAMS 0x0000000601c00000| PB 0x0000000601c00000| Untracked 
|   8|0x0000000602000000, 0x0000000602400000, 0x0000000602400000|100%| O|  |TAMS 0x0000000602000000| PB 0x0000000602000000| Untracked 
|   9|0x0000000602400000, 0x0000000602800000, 0x0000000602800000|100%|HS|  |TAMS 0x0000000602400000| PB 0x0000000602400000| Complete 
|  10|0x0000000602800000, 0x0000000602c00000, 0x0000000602c00000|100%| O|  |TAMS 0x0000000602800000| PB 0x0000000602800000| Untracked 
|  11|0x0000000602c00000, 0x0000000603000000, 0x0000000603000000|100%| O|  |TAMS 0x0000000602c00000| PB 0x0000000602c00000| Untracked 
|  12|0x0000000603000000, 0x0000000603400000, 0x0000000603400000|100%| O|  |TAMS 0x0000000603000000| PB 0x0000000603000000| Untracked 
|  13|0x0000000603400000, 0x0000000603800000, 0x0000000603800000|100%|HS|  |TAMS 0x0000000603400000| PB 0x0000000603400000| Complete 
|  14|0x0000000603800000, 0x0000000603c00000, 0x0000000603c00000|100%| O|  |TAMS 0x0000000603800000| PB 0x0000000603800000| Untracked 
|  15|0x0000000603c00000, 0x0000000604000000, 0x0000000604000000|100%| O|  |TAMS 0x0000000603c00000| PB 0x0000000603c00000| Untracked 
|  16|0x0000000604000000, 0x0000000604400000, 0x0000000604400000|100%| O|  |TAMS 0x0000000604000000| PB 0x0000000604000000| Untracked 
|  17|0x0000000604400000, 0x0000000604800000, 0x0000000604800000|100%| O|Cm|TAMS 0x0000000604400000| PB 0x0000000604400000| Complete 
|  18|0x0000000604800000, 0x0000000604c00000, 0x0000000604c00000|100%| O|  |TAMS 0x0000000604800000| PB 0x0000000604800000| Untracked 
|  19|0x0000000604c00000, 0x0000000605000000, 0x0000000605000000|100%| O|  |TAMS 0x0000000604c00000| PB 0x0000000604c00000| Untracked 
|  20|0x0000000605000000, 0x0000000605400000, 0x0000000605400000|100%| O|  |TAMS 0x0000000605000000| PB 0x0000000605000000| Untracked 
|  21|0x0000000605400000, 0x0000000605800000, 0x0000000605800000|100%| O|  |TAMS 0x0000000605400000| PB 0x0000000605400000| Untracked 
|  22|0x0000000605800000, 0x0000000605c00000, 0x0000000605c00000|100%| O|  |TAMS 0x0000000605800000| PB 0x0000000605800000| Untracked 
|  23|0x0000000605c00000, 0x0000000606000000, 0x0000000606000000|100%| O|  |TAMS 0x0000000605c00000| PB 0x0000000605c00000| Untracked 
|  24|0x0000000606000000, 0x0000000606400000, 0x0000000606400000|100%| O|  |TAMS 0x0000000606000000| PB 0x0000000606000000| Untracked 
|  25|0x0000000606400000, 0x0000000606800000, 0x0000000606800000|100%| O|  |TAMS 0x0000000606400000| PB 0x0000000606400000| Untracked 
|  26|0x0000000606800000, 0x0000000606c00000, 0x0000000606c00000|100%| O|  |TAMS 0x0000000606800000| PB 0x0000000606800000| Untracked 
|  27|0x0000000606c00000, 0x0000000607000000, 0x0000000607000000|100%| O|  |TAMS 0x0000000606c00000| PB 0x0000000606c00000| Untracked 
|  28|0x0000000607000000, 0x0000000607400000, 0x0000000607400000|100%| O|  |TAMS 0x0000000607000000| PB 0x0000000607000000| Untracked 
|  29|0x0000000607400000, 0x0000000607800000, 0x0000000607800000|100%| O|  |TAMS 0x0000000607400000| PB 0x0000000607400000| Untracked 
|  30|0x0000000607800000, 0x0000000607c00000, 0x0000000607c00000|100%| O|  |TAMS 0x0000000607800000| PB 0x0000000607800000| Untracked 
|  31|0x0000000607c00000, 0x0000000608000000, 0x0000000608000000|100%| O|  |TAMS 0x0000000607c00000| PB 0x0000000607c00000| Untracked 
|  32|0x0000000608000000, 0x0000000608400000, 0x0000000608400000|100%| O|  |TAMS 0x0000000608000000| PB 0x0000000608000000| Untracked 
|  33|0x0000000608400000, 0x0000000608800000, 0x0000000608800000|100%| O|  |TAMS 0x0000000608400000| PB 0x0000000608400000| Untracked 
|  34|0x0000000608800000, 0x0000000608c00000, 0x0000000608c00000|100%| O|  |TAMS 0x0000000608800000| PB 0x0000000608800000| Untracked 
|  35|0x0000000608c00000, 0x0000000609000000, 0x0000000609000000|100%| O|  |TAMS 0x0000000608c00000| PB 0x0000000608c00000| Untracked 
|  36|0x0000000609000000, 0x0000000609400000, 0x0000000609400000|100%|HS|  |TAMS 0x0000000609000000| PB 0x0000000609000000| Complete 
|  37|0x0000000609400000, 0x0000000609800000, 0x0000000609800000|100%| O|  |TAMS 0x0000000609400000| PB 0x0000000609400000| Untracked 
|  38|0x0000000609800000, 0x0000000609c00000, 0x0000000609c00000|100%| O|  |TAMS 0x0000000609800000| PB 0x0000000609800000| Untracked 
|  39|0x0000000609c00000, 0x000000060a000000, 0x000000060a000000|100%| O|  |TAMS 0x0000000609c00000| PB 0x0000000609c00000| Untracked 
|  40|0x000000060a000000, 0x000000060a400000, 0x000000060a400000|100%| O|  |TAMS 0x000000060a000000| PB 0x000000060a000000| Untracked 
|  41|0x000000060a400000, 0x000000060a800000, 0x000000060a800000|100%| O|  |TAMS 0x000000060a400000| PB 0x000000060a400000| Untracked 
|  42|0x000000060a800000, 0x000000060ac00000, 0x000000060ac00000|100%| O|  |TAMS 0x000000060a800000| PB 0x000000060a800000| Untracked 
|  43|0x000000060ac00000, 0x000000060ae7b2d0, 0x000000060b000000| 62%| O|  |TAMS 0x000000060ac00000| PB 0x000000060ac00000| Untracked 
|  44|0x000000060b000000, 0x000000060b400000, 0x000000060b400000|100%| O|  |TAMS 0x000000060b000000| PB 0x000000060b000000| Untracked 
|  45|0x000000060b400000, 0x000000060b800000, 0x000000060b800000|100%| O|  |TAMS 0x000000060b400000| PB 0x000000060b400000| Untracked 
|  46|0x000000060b800000, 0x000000060bc00000, 0x000000060bc00000|100%| O|  |TAMS 0x000000060b800000| PB 0x000000060b800000| Untracked 
|  47|0x000000060bc00000, 0x000000060c000000, 0x000000060c000000|100%| O|  |TAMS 0x000000060bc00000| PB 0x000000060bc00000| Untracked 
|  48|0x000000060c000000, 0x000000060c400000, 0x000000060c400000|100%| O|  |TAMS 0x000000060c000000| PB 0x000000060c000000| Untracked 
|  49|0x000000060c400000, 0x000000060c800000, 0x000000060c800000|100%| O|  |TAMS 0x000000060c400000| PB 0x000000060c400000| Untracked 
|  50|0x000000060c800000, 0x000000060c800000, 0x000000060cc00000|  0%| F|  |TAMS 0x000000060c800000| PB 0x000000060c800000| Untracked 
|  51|0x000000060cc00000, 0x000000060cc00000, 0x000000060d000000|  0%| F|  |TAMS 0x000000060cc00000| PB 0x000000060cc00000| Untracked 
|  52|0x000000060d000000, 0x000000060d000000, 0x000000060d400000|  0%| F|  |TAMS 0x000000060d000000| PB 0x000000060d000000| Untracked 
|  53|0x000000060d400000, 0x000000060d400000, 0x000000060d800000|  0%| F|  |TAMS 0x000000060d400000| PB 0x000000060d400000| Untracked 
|  54|0x000000060d800000, 0x000000060d800000, 0x000000060dc00000|  0%| F|  |TAMS 0x000000060d800000| PB 0x000000060d800000| Untracked 
|  55|0x000000060dc00000, 0x000000060df001f0, 0x000000060e000000| 75%| S|CS|TAMS 0x000000060dc00000| PB 0x000000060dc00000| Complete 
|  56|0x000000060e000000, 0x000000060e400000, 0x000000060e400000|100%| S|CS|TAMS 0x000000060e000000| PB 0x000000060e000000| Complete 
|  57|0x000000060e400000, 0x000000060e800000, 0x000000060e800000|100%| S|CS|TAMS 0x000000060e400000| PB 0x000000060e400000| Complete 
|  58|0x000000060e800000, 0x000000060ec00000, 0x000000060ec00000|100%| S|CS|TAMS 0x000000060e800000| PB 0x000000060e800000| Complete 
|  59|0x000000060ec00000, 0x000000060ec00000, 0x000000060f000000|  0%| F|  |TAMS 0x000000060ec00000| PB 0x000000060ec00000| Untracked 
|  60|0x000000060f000000, 0x000000060f000000, 0x000000060f400000|  0%| F|  |TAMS 0x000000060f000000| PB 0x000000060f000000| Untracked 
|  61|0x000000060f400000, 0x000000060f400000, 0x000000060f800000|  0%| F|  |TAMS 0x000000060f400000| PB 0x000000060f400000| Untracked 
|  62|0x000000060f800000, 0x000000060fc00000, 0x000000060fc00000|100%| S|CS|TAMS 0x000000060f800000| PB 0x000000060f800000| Complete 
|  63|0x000000060fc00000, 0x000000060fc00000, 0x0000000610000000|  0%| F|  |TAMS 0x000000060fc00000| PB 0x000000060fc00000| Untracked 
|  64|0x0000000610000000, 0x0000000610000000, 0x0000000610400000|  0%| F|  |TAMS 0x0000000610000000| PB 0x0000000610000000| Untracked 
|  65|0x0000000610400000, 0x0000000610400000, 0x0000000610800000|  0%| F|  |TAMS 0x0000000610400000| PB 0x0000000610400000| Untracked 
|  66|0x0000000610800000, 0x0000000610800000, 0x0000000610c00000|  0%| F|  |TAMS 0x0000000610800000| PB 0x0000000610800000| Untracked 
|  67|0x0000000610c00000, 0x0000000610c00000, 0x0000000611000000|  0%| F|  |TAMS 0x0000000610c00000| PB 0x0000000610c00000| Untracked 
|  68|0x0000000611000000, 0x0000000611000000, 0x0000000611400000|  0%| F|  |TAMS 0x0000000611000000| PB 0x0000000611000000| Untracked 
|  69|0x0000000611400000, 0x0000000611400000, 0x0000000611800000|  0%| F|  |TAMS 0x0000000611400000| PB 0x0000000611400000| Untracked 
|  70|0x0000000611800000, 0x0000000611800000, 0x0000000611c00000|  0%| F|  |TAMS 0x0000000611800000| PB 0x0000000611800000| Untracked 
|  71|0x0000000611c00000, 0x0000000611c00000, 0x0000000612000000|  0%| F|  |TAMS 0x0000000611c00000| PB 0x0000000611c00000| Untracked 
|  72|0x0000000612000000, 0x0000000612000000, 0x0000000612400000|  0%| F|  |TAMS 0x0000000612000000| PB 0x0000000612000000| Untracked 
|  73|0x0000000612400000, 0x0000000612400000, 0x0000000612800000|  0%| F|  |TAMS 0x0000000612400000| PB 0x0000000612400000| Untracked 
|  74|0x0000000612800000, 0x0000000612800000, 0x0000000612c00000|  0%| F|  |TAMS 0x0000000612800000| PB 0x0000000612800000| Untracked 
|  75|0x0000000612c00000, 0x0000000612c00000, 0x0000000613000000|  0%| F|  |TAMS 0x0000000612c00000| PB 0x0000000612c00000| Untracked 
|  76|0x0000000613000000, 0x0000000613000000, 0x0000000613400000|  0%| F|  |TAMS 0x0000000613000000| PB 0x0000000613000000| Untracked 
|  77|0x0000000613400000, 0x0000000613400000, 0x0000000613800000|  0%| F|  |TAMS 0x0000000613400000| PB 0x0000000613400000| Untracked 
|  78|0x0000000613800000, 0x0000000613800000, 0x0000000613c00000|  0%| F|  |TAMS 0x0000000613800000| PB 0x0000000613800000| Untracked 
|  79|0x0000000613c00000, 0x0000000613f27410, 0x0000000614000000| 78%| E|  |TAMS 0x0000000613c00000| PB 0x0000000613c00000| Complete 
|  80|0x0000000614000000, 0x0000000614400000, 0x0000000614400000|100%| E|CS|TAMS 0x0000000614000000| PB 0x0000000614000000| Complete 
|  81|0x0000000614400000, 0x0000000614800000, 0x0000000614800000|100%| E|CS|TAMS 0x0000000614400000| PB 0x0000000614400000| Complete 
|  82|0x0000000614800000, 0x0000000614c00000, 0x0000000614c00000|100%| E|CS|TAMS 0x0000000614800000| PB 0x0000000614800000| Complete 
|  83|0x0000000614c00000, 0x0000000615000000, 0x0000000615000000|100%| E|CS|TAMS 0x0000000614c00000| PB 0x0000000614c00000| Complete 
|  84|0x0000000615000000, 0x0000000615400000, 0x0000000615400000|100%| E|CS|TAMS 0x0000000615000000| PB 0x0000000615000000| Complete 
|  85|0x0000000615400000, 0x0000000615800000, 0x0000000615800000|100%| E|CS|TAMS 0x0000000615400000| PB 0x0000000615400000| Complete 
|  86|0x0000000615800000, 0x0000000615c00000, 0x0000000615c00000|100%| E|CS|TAMS 0x0000000615800000| PB 0x0000000615800000| Complete 
|  87|0x0000000615c00000, 0x0000000616000000, 0x0000000616000000|100%| E|CS|TAMS 0x0000000615c00000| PB 0x0000000615c00000| Complete 
|  88|0x0000000616000000, 0x0000000616400000, 0x0000000616400000|100%| E|CS|TAMS 0x0000000616000000| PB 0x0000000616000000| Complete 
|  89|0x0000000616400000, 0x0000000616800000, 0x0000000616800000|100%| E|CS|TAMS 0x0000000616400000| PB 0x0000000616400000| Complete 
|  98|0x0000000618800000, 0x0000000618c00000, 0x0000000618c00000|100%| E|  |TAMS 0x0000000618800000| PB 0x0000000618800000| Complete 
|  99|0x0000000618c00000, 0x0000000619000000, 0x0000000619000000|100%| E|CS|TAMS 0x0000000618c00000| PB 0x0000000618c00000| Complete 
| 100|0x0000000619000000, 0x0000000619400000, 0x0000000619400000|100%| E|CS|TAMS 0x0000000619000000| PB 0x0000000619000000| Complete 
| 101|0x0000000619400000, 0x0000000619800000, 0x0000000619800000|100%| E|CS|TAMS 0x0000000619400000| PB 0x0000000619400000| Complete 
| 126|0x000000061f800000, 0x000000061fc00000, 0x000000061fc00000|100%| E|CS|TAMS 0x000000061f800000| PB 0x000000061f800000| Complete 
|2045|0x00000007ff400000, 0x00000007ff800000, 0x00000007ff800000|100%| O|  |TAMS 0x00000007ff400000| PB 0x00000007ff400000| Untracked 
|2046|0x00000007ff800000, 0x00000007ffc00000, 0x00000007ffc00000|100%| O|  |TAMS 0x00000007ff800000| PB 0x00000007ff800000| Untracked 
|2047|0x00000007ffc00000, 0x0000000800000000, 0x0000000800000000|100%| E|CS|TAMS 0x00000007ffc00000| PB 0x00000007ffc00000| Complete 

Card table byte_map: [0x00000224d2990000,0x00000224d3990000] _byte_map_base: 0x00000224cf990000

Marking Bits: (CMBitMap*) 0x00000224ad62d200
 Bits: [0x00000224d3990000, 0x00000224db990000)

Polling page: 0x00000224ab3a0000

Metaspace:

Usage:
  Non-class:     98.67 MB used.
      Class:     16.10 MB used.
       Both:    114.77 MB used.

Virtual space:
  Non-class space:      128.00 MB reserved,     100.19 MB ( 78%) committed,  2 nodes.
      Class space:        1.00 GB reserved,      17.50 MB (  2%) committed,  1 nodes.
             Both:        1.12 GB reserved,     117.69 MB ( 10%) committed. 

Chunk freelists:
   Non-Class:  10.93 MB
       Class:  14.37 MB
        Both:  25.30 MB

MaxMetaspaceSize: 4.00 GB
CompressedClassSpaceSize: 1.00 GB
Initial GC threshold: 21.00 MB
Current GC threshold: 195.00 MB
CDS: on
 - commit_granule_bytes: 65536.
 - commit_granule_words: 8192.
 - virtual_space_node_default_size: 8388608.
 - enlarge_chunks_in_place: 1.
 - use_allocation_guard: 0.


Internal statistics:

num_allocs_failed_limit: 12.
num_arena_births: 4768.
num_arena_deaths: 0.
num_vsnodes_births: 3.
num_vsnodes_deaths: 0.
num_space_committed: 1883.
num_space_uncommitted: 0.
num_chunks_returned_to_freelist: 12.
num_chunks_taken_from_freelist: 10484.
num_chunk_merges: 9.
num_chunk_splits: 6859.
num_chunks_enlarged: 4294.
num_inconsistent_stats: 0.

CodeHeap 'non-profiled nmethods': size=258432Kb used=11786Kb max_used=11786Kb free=246645Kb
 bounds [0x00000224c0b20000, 0x00000224c16b0000, 0x00000224d0780000]
CodeHeap 'profiled nmethods': size=258368Kb used=30534Kb max_used=31445Kb free=227833Kb
 bounds [0x00000224b0780000, 0x00000224b2660000, 0x00000224c03d0000]
CodeHeap 'non-nmethods': size=7488Kb used=3373Kb max_used=4604Kb free=4114Kb
 bounds [0x00000224c03d0000, 0x00000224c0860000, 0x00000224c0b20000]
CodeCache: size=524288Kb, used=45693Kb, max_used=47835Kb, free=478592Kb
 total_blobs=16860, nmethods=15802, adapters=960, full_count=0
Compilation: enabled, stopped_count=0, restarted_count=0

Compilation events (20 events):
Event: 37.613 Thread 0x0000022528e98eb0 nmethod 19129 0x00000224c169e010 code [0x00000224c169e1a0, 0x00000224c169e270]
Event: 37.613 Thread 0x0000022528e98eb0 19130       3       org.jetbrains.kotlin.gradle.dsl.KotlinJvmCompilerOptionsDefault_Decorated::getFreeCompilerArgs (47 bytes)
Event: 37.613 Thread 0x00000224dbcd2ad0 nmethod 19128 0x00000224b214ff90 code [0x00000224b2150180, 0x00000224b2150748]
Event: 37.613 Thread 0x00000224dbcd2ad0 19131       3       org.jetbrains.kotlin.gradle.plugin.KotlinPluginLifecycleKt$launchInStage$1::invokeSuspend (141 bytes)
Event: 37.614 Thread 0x0000022528e98eb0 nmethod 19130 0x00000224b16be910 code [0x00000224b16beb40, 0x00000224b16bf2a8]
Event: 37.614 Thread 0x00000224dbcd2ad0 nmethod 19131 0x00000224b12fc010 code [0x00000224b12fc2a0, 0x00000224b12fd260]
Event: 37.614 Thread 0x0000022528e9be60 nmethod 19127 0x00000224b24f5390 code [0x00000224b24f5740, 0x00000224b24f7650]
Event: 37.614 Thread 0x0000022528e98eb0 19134       3       org.jetbrains.kotlin.gradle.plugin.mpp.DefaultKotlinUsageContext::getProject (10 bytes)
Event: 37.615 Thread 0x000002252cc6bae0 nmethod 19094 0x00000224c169e310 code [0x00000224c169e4a0, 0x00000224c169e590]
Event: 37.615 Thread 0x00000224dbcd2ad0 19135       3       org.jetbrains.kotlin.gradle.plugin.mpp.DefaultKotlinUsageContext::getKotlinTarget (10 bytes)
Event: 37.615 Thread 0x0000022528e9b790 nmethod 19126 0x00000224b1b77690 code [0x00000224b1b77b40, 0x00000224b1b79ea0]
Event: 37.615 Thread 0x0000022528e98eb0 nmethod 19134 0x00000224b218b110 code [0x00000224b218b2e0, 0x00000224b218b608]
Event: 37.615 Thread 0x00000224dbcd2ad0 nmethod 19135 0x00000224b130d190 code [0x00000224b130d340, 0x00000224b130d530]
Event: 37.616 Thread 0x000002252cc6bae0 19133       4       org.gradle.api.internal.provider.AbstractMinimalProvider::calculateValue (15 bytes)
Event: 37.616 Thread 0x0000022528e9be60 19136       1       org.gradle.api.attributes.Category$Impl::getName (5 bytes)
Event: 37.616 Thread 0x0000022528e9be60 nmethod 19136 0x00000224c169e690 code [0x00000224c169e820, 0x00000224c169e8f0]
Event: 37.628 Thread 0x000002252cc6bae0 nmethod 19133 0x00000224c169e990 code [0x00000224c169ebc0, 0x00000224c169f330]
Event: 37.628 Thread 0x000002252cc6bae0 19132       4       org.gradle.api.internal.provider.AbstractProperty::beforeRead (21 bytes)
Event: 37.631 Thread 0x000002252cc6bae0 nmethod 19132 0x00000224c169f810 code [0x00000224c169f9c0, 0x00000224c169fc10]
Event: 37.639 Thread 0x0000022528e9be60 19137       1       org.gradle.cache.internal.DefaultPersistentDirectoryStore::getBaseDir (5 bytes)

GC Heap History (20 events):
Event: 30.998 GC heap before
{Heap before GC invocations=26 (full 0):
 garbage-first heap   total 323584K, used 285890K [0x0000000600000000, 0x0000000800000000)
  region size 4096K, 41 young (167936K), 5 survivors (20480K)
 Metaspace       used 113268K, committed 115904K, reserved 1179648K
  class space    used 15909K, committed 17216K, reserved 1048576K
}
Event: 31.008 GC heap after
{Heap after GC invocations=27 (full 0):
 garbage-first heap   total 323584K, used 148110K [0x0000000600000000, 0x0000000800000000)
  region size 4096K, 6 young (24576K), 6 survivors (24576K)
 Metaspace       used 113268K, committed 115904K, reserved 1179648K
  class space    used 15909K, committed 17216K, reserved 1048576K
}
Event: 31.870 GC heap before
{Heap before GC invocations=27 (full 0):
 garbage-first heap   total 323584K, used 283278K [0x0000000600000000, 0x0000000800000000)
  region size 4096K, 39 young (159744K), 6 survivors (24576K)
 Metaspace       used 114494K, committed 117120K, reserved 1179648K
  class space    used 16128K, committed 17472K, reserved 1048576K
}
Event: 31.876 GC heap after
{Heap after GC invocations=28 (full 0):
 garbage-first heap   total 323584K, used 155540K [0x0000000600000000, 0x0000000800000000)
  region size 4096K, 3 young (12288K), 3 survivors (12288K)
 Metaspace       used 114494K, committed 117120K, reserved 1179648K
  class space    used 16128K, committed 17472K, reserved 1048576K
}
Event: 32.213 GC heap before
{Heap before GC invocations=28 (full 0):
 garbage-first heap   total 323584K, used 212884K [0x0000000600000000, 0x0000000800000000)
  region size 4096K, 19 young (77824K), 3 survivors (12288K)
 Metaspace       used 114517K, committed 117184K, reserved 1179648K
  class space    used 16131K, committed 17472K, reserved 1048576K
}
Event: 32.218 GC heap after
{Heap after GC invocations=29 (full 0):
 garbage-first heap   total 323584K, used 162077K [0x0000000600000000, 0x0000000800000000)
  region size 4096K, 5 young (20480K), 5 survivors (20480K)
 Metaspace       used 114517K, committed 117184K, reserved 1179648K
  class space    used 16131K, committed 17472K, reserved 1048576K
}
Event: 34.174 GC heap before
{Heap before GC invocations=30 (full 0):
 garbage-first heap   total 323584K, used 289053K [0x0000000600000000, 0x0000000800000000)
  region size 4096K, 35 young (143360K), 5 survivors (20480K)
 Metaspace       used 116071K, committed 118848K, reserved 1179648K
  class space    used 16306K, committed 17664K, reserved 1048576K
}
Event: 34.184 GC heap after
{Heap after GC invocations=31 (full 0):
 garbage-first heap   total 331776K, used 187343K [0x0000000600000000, 0x0000000800000000)
  region size 4096K, 5 young (20480K), 5 survivors (20480K)
 Metaspace       used 116071K, committed 118848K, reserved 1179648K
  class space    used 16306K, committed 17664K, reserved 1048576K
}
Event: 34.480 GC heap before
{Heap before GC invocations=31 (full 0):
 garbage-first heap   total 331776K, used 285647K [0x0000000600000000, 0x0000000800000000)
  region size 4096K, 30 young (122880K), 5 survivors (20480K)
 Metaspace       used 116186K, committed 118976K, reserved 1179648K
  class space    used 16321K, committed 17728K, reserved 1048576K
}
Event: 34.488 GC heap after
{Heap after GC invocations=32 (full 0):
 garbage-first heap   total 331776K, used 192897K [0x0000000600000000, 0x0000000800000000)
  region size 4096K, 2 young (8192K), 2 survivors (8192K)
 Metaspace       used 116186K, committed 118976K, reserved 1179648K
  class space    used 16321K, committed 17728K, reserved 1048576K
}
Event: 35.077 GC heap before
{Heap before GC invocations=32 (full 0):
 garbage-first heap   total 331776K, used 287105K [0x0000000600000000, 0x0000000800000000)
  region size 4096K, 26 young (106496K), 2 survivors (8192K)
 Metaspace       used 116369K, committed 119232K, reserved 1179648K
  class space    used 16341K, committed 17728K, reserved 1048576K
}
Event: 35.082 GC heap after
{Heap after GC invocations=33 (full 0):
 garbage-first heap   total 401408K, used 198605K [0x0000000600000000, 0x0000000800000000)
  region size 4096K, 4 young (16384K), 4 survivors (16384K)
 Metaspace       used 116369K, committed 119232K, reserved 1179648K
  class space    used 16341K, committed 17728K, reserved 1048576K
}
Event: 35.578 GC heap before
{Heap before GC invocations=34 (full 0):
 garbage-first heap   total 401408K, used 337869K [0x0000000600000000, 0x0000000800000000)
  region size 4096K, 39 young (159744K), 4 survivors (16384K)
 Metaspace       used 116510K, committed 119360K, reserved 1179648K
  class space    used 16360K, committed 17728K, reserved 1048576K
}
Event: 35.585 GC heap after
{Heap after GC invocations=35 (full 0):
 garbage-first heap   total 401408K, used 204395K [0x0000000600000000, 0x0000000800000000)
  region size 4096K, 4 young (16384K), 4 survivors (16384K)
 Metaspace       used 116510K, committed 119360K, reserved 1179648K
  class space    used 16360K, committed 17728K, reserved 1048576K
}
Event: 36.261 GC heap before
{Heap before GC invocations=35 (full 0):
 garbage-first heap   total 401408K, used 343659K [0x0000000600000000, 0x0000000800000000)
  region size 4096K, 39 young (159744K), 4 survivors (16384K)
 Metaspace       used 116812K, committed 119744K, reserved 1179648K
  class space    used 16404K, committed 17792K, reserved 1048576K
}
Event: 36.269 GC heap after
{Heap after GC invocations=36 (full 0):
 garbage-first heap   total 401408K, used 213132K [0x0000000600000000, 0x0000000800000000)
  region size 4096K, 5 young (20480K), 5 survivors (20480K)
 Metaspace       used 116812K, committed 119744K, reserved 1179648K
  class space    used 16404K, committed 17792K, reserved 1048576K
}
Event: 36.624 GC heap before
{Heap before GC invocations=36 (full 0):
 garbage-first heap   total 401408K, used 348300K [0x0000000600000000, 0x0000000800000000)
  region size 4096K, 39 young (159744K), 5 survivors (20480K)
 Metaspace       used 116941K, committed 119808K, reserved 1179648K
  class space    used 16421K, committed 17792K, reserved 1048576K
}
Event: 36.631 GC heap after
{Heap after GC invocations=37 (full 0):
 garbage-first heap   total 401408K, used 219492K [0x0000000600000000, 0x0000000800000000)
  region size 4096K, 3 young (12288K), 3 survivors (12288K)
 Metaspace       used 116941K, committed 119808K, reserved 1179648K
  class space    used 16421K, committed 17792K, reserved 1048576K
}
Event: 37.295 GC heap before
{Heap before GC invocations=38 (full 0):
 garbage-first heap   total 401408K, used 350564K [0x0000000600000000, 0x0000000800000000)
  region size 4096K, 36 young (147456K), 3 survivors (12288K)
 Metaspace       used 117342K, committed 120256K, reserved 1179648K
  class space    used 16461K, committed 17856K, reserved 1048576K
}
Event: 37.301 GC heap after
{Heap after GC invocations=39 (full 0):
 garbage-first heap   total 401408K, used 230607K [0x0000000600000000, 0x0000000800000000)
  region size 4096K, 5 young (20480K), 5 survivors (20480K)
 Metaspace       used 117342K, committed 120256K, reserved 1179648K
  class space    used 16461K, committed 17856K, reserved 1048576K
}

Dll operation events (15 events):
Event: 0.008 Loaded shared library C:\Users\acer\.cursor\extensions\redhat.java-1.53.0-win32-x64\jre\21.0.10-win32-x86_64\bin\java.dll
Event: 0.056 Loaded shared library C:\Users\acer\.cursor\extensions\redhat.java-1.53.0-win32-x64\jre\21.0.10-win32-x86_64\bin\zip.dll
Event: 0.067 Loaded shared library C:\Users\acer\.cursor\extensions\redhat.java-1.53.0-win32-x64\jre\21.0.10-win32-x86_64\bin\instrument.dll
Event: 0.069 Loaded shared library C:\Users\acer\.cursor\extensions\redhat.java-1.53.0-win32-x64\jre\21.0.10-win32-x86_64\bin\net.dll
Event: 0.071 Loaded shared library C:\Users\acer\.cursor\extensions\redhat.java-1.53.0-win32-x64\jre\21.0.10-win32-x86_64\bin\nio.dll
Event: 0.072 Loaded shared library C:\Users\acer\.cursor\extensions\redhat.java-1.53.0-win32-x64\jre\21.0.10-win32-x86_64\bin\zip.dll
Event: 0.224 Loaded shared library C:\Users\acer\.cursor\extensions\redhat.java-1.53.0-win32-x64\jre\21.0.10-win32-x86_64\bin\jimage.dll
Event: 0.321 Loaded shared library C:\Users\acer\.cursor\extensions\redhat.java-1.53.0-win32-x64\jre\21.0.10-win32-x86_64\bin\verify.dll
Event: 0.398 Loaded shared library C:\Users\acer\.gradle\native\1def1411415f61bf3af743bc5b6707747c0891f09f0c88961ee8f79bc544acac\windows-amd64\native-platform.dll
Event: 0.410 Loaded shared library C:\Users\acer\.gradle\native\0.2.7\x86_64-windows-gnu\gradle-fileevents.dll
Event: 1.830 Loaded shared library C:\Users\acer\.cursor\extensions\redhat.java-1.53.0-win32-x64\jre\21.0.10-win32-x86_64\bin\management.dll
Event: 1.833 Loaded shared library C:\Users\acer\.cursor\extensions\redhat.java-1.53.0-win32-x64\jre\21.0.10-win32-x86_64\bin\management_ext.dll
Event: 1.945 Loaded shared library C:\Users\acer\.cursor\extensions\redhat.java-1.53.0-win32-x64\jre\21.0.10-win32-x86_64\bin\extnet.dll
Event: 2.146 Loaded shared library C:\Users\acer\.cursor\extensions\redhat.java-1.53.0-win32-x64\jre\21.0.10-win32-x86_64\bin\sunmscapi.dll
Event: 13.287 Loaded shared library C:\Users\acer\.cursor\extensions\redhat.java-1.53.0-win32-x64\jre\21.0.10-win32-x86_64\bin\rmi.dll

Deoptimization events (20 events):
Event: 35.480 Thread 0x0000022525265b70 Uncommon trap: trap_request=0xffffff45 fr.pc=0x00000224c1583ddc relative=0x00000000000000bc
Event: 35.490 Thread 0x0000022525265b70 Uncommon trap: reason=unstable_if action=reinterpret pc=0x00000224c1583ddc method=com.esotericsoftware.kryo.io.Output.writeBoolean(Z)V @ 8 c2
Event: 35.490 Thread 0x0000022525265b70 DEOPT PACKING pc=0x00000224c1583ddc sp=0x000000df09af8430
Event: 35.490 Thread 0x0000022525265b70 DEOPT UNPACKING pc=0x00000224c0424422 sp=0x000000df09af8350 mode 2
Event: 35.689 Thread 0x0000022525265b70 DEOPT PACKING pc=0x00000224b257fb17 sp=0x000000df09af9160
Event: 35.689 Thread 0x0000022525265b70 DEOPT UNPACKING pc=0x00000224c0424bc2 sp=0x000000df09af86b0 mode 0
Event: 35.821 Thread 0x0000022525265b70 Uncommon trap: trap_request=0xffffffde fr.pc=0x00000224c0fe7c08 relative=0x00000000000000c8
Event: 35.821 Thread 0x0000022525265b70 Uncommon trap: reason=class_check action=maybe_recompile pc=0x00000224c0fe7c08 method=java.lang.invoke.MethodHandle.setVarargs(Ljava/lang/invoke/MemberName;)Ljava/lang/invoke/MethodHandle; @ 11 c2
Event: 35.821 Thread 0x0000022525265b70 DEOPT PACKING pc=0x00000224c0fe7c08 sp=0x000000df09af6c00
Event: 35.821 Thread 0x0000022525265b70 DEOPT UNPACKING pc=0x00000224c0424422 sp=0x000000df09af6b80 mode 2
Event: 35.828 Thread 0x0000022525265b70 Uncommon trap: trap_request=0xffffffde fr.pc=0x00000224c0fe7c08 relative=0x00000000000000c8
Event: 35.828 Thread 0x0000022525265b70 Uncommon trap: reason=class_check action=maybe_recompile pc=0x00000224c0fe7c08 method=java.lang.invoke.MethodHandle.setVarargs(Ljava/lang/invoke/MemberName;)Ljava/lang/invoke/MethodHandle; @ 11 c2
Event: 35.828 Thread 0x0000022525265b70 DEOPT PACKING pc=0x00000224c0fe7c08 sp=0x000000df09af6bc0
Event: 35.828 Thread 0x0000022525265b70 DEOPT UNPACKING pc=0x00000224c0424422 sp=0x000000df09af6b40 mode 2
Event: 36.962 Thread 0x0000022525265b70 DEOPT PACKING pc=0x00000224b21792c4 sp=0x000000df09af9420
Event: 36.962 Thread 0x0000022525265b70 DEOPT UNPACKING pc=0x00000224c0424bc2 sp=0x000000df09af88a8 mode 0
Event: 36.979 Thread 0x0000022525265b70 Uncommon trap: trap_request=0xffffff45 fr.pc=0x00000224c1583a58 relative=0x00000000000000b8
Event: 36.979 Thread 0x0000022525265b70 Uncommon trap: reason=unstable_if action=reinterpret pc=0x00000224c1583a58 method=com.esotericsoftware.kryo.io.Output.writeBoolean(Z)V @ 8 c2
Event: 36.979 Thread 0x0000022525265b70 DEOPT PACKING pc=0x00000224c1583a58 sp=0x000000df09af8560
Event: 36.979 Thread 0x0000022525265b70 DEOPT UNPACKING pc=0x00000224c0424422 sp=0x000000df09af84e8 mode 2

Classes loaded (20 events):
Event: 31.135 Loading class java/util/regex/MatcherBeanInfo
Event: 31.135 Loading class java/util/regex/MatcherBeanInfo done
Event: 31.135 Loading class java/util/regex/MatcherBeanInfo
Event: 31.135 Loading class java/util/regex/MatcherBeanInfo done
Event: 31.135 Loading class java/util/regex/MatcherCustomizer
Event: 31.135 Loading class java/util/regex/MatcherCustomizer done
Event: 31.135 Loading class java/util/regex/MatcherCustomizer
Event: 31.135 Loading class java/util/regex/MatcherCustomizer done
Event: 33.313 Loading class java/util/regex/Pattern$Pos
Event: 33.313 Loading class java/util/regex/Pattern$Pos done
Event: 37.462 Loading class java/lang/BooleanBeanInfo
Event: 37.462 Loading class java/lang/BooleanBeanInfo done
Event: 37.561 Loading class java/lang/BooleanBeanInfo
Event: 37.561 Loading class java/lang/BooleanBeanInfo done
Event: 37.562 Loading class java/lang/BooleanCustomizer
Event: 37.562 Loading class java/lang/BooleanCustomizer done
Event: 37.562 Loading class java/lang/BooleanCustomizer
Event: 37.562 Loading class java/lang/BooleanCustomizer done
Event: 37.562 Loading class jdk/internal/ValueBased
Event: 37.563 Loading class jdk/internal/ValueBased done

Classes unloaded (0 events):
No events

Classes redefined (0 events):
No events

Internal exceptions (20 events):
Event: 36.739 Thread 0x0000022525265b70 Exception <a 'java/lang/ClassNotFoundException'{0x0000000618dbf390}: build_7g71b7ej4z4g0tnky1xinaei9BeanInfo> (0x0000000618dbf390) 
thrown [s\src\hotspot\share\classfile\systemDictionary.cpp, line 312]
Event: 36.739 Thread 0x0000022525265b70 Exception <a 'java/lang/ClassNotFoundException'{0x0000000618dc6100}: build_7g71b7ej4z4g0tnky1xinaei9Customizer> (0x0000000618dc6100) 
thrown [s\src\hotspot\share\classfile\systemDictionary.cpp, line 312]
Event: 36.856 Thread 0x0000022525265b70 Exception <a 'java/lang/ClassNotFoundException'{0x000000061604ff00}: com/android/build/gradle/internal/dsl/LintImpl$AgpDecorated_DecoratedBeanInfo> (0x000000061604ff00) 
thrown [s\src\hotspot\share\classfile\systemDictionary.cpp, line 312]
Event: 36.856 Thread 0x0000022525265b70 Exception <a 'java/lang/ClassNotFoundException'{0x0000000616060158}: com/android/build/gradle/internal/dsl/LintImpl$AgpDecoratedBeanInfo> (0x0000000616060158) 
thrown [s\src\hotspot\share\classfile\systemDictionary.cpp, line 312]
Event: 36.856 Thread 0x0000022525265b70 Exception <a 'java/lang/ClassNotFoundException'{0x000000061606ffa8}: com/android/build/gradle/internal/dsl/LintImplBeanInfo> (0x000000061606ffa8) 
thrown [s\src\hotspot\share\classfile\systemDictionary.cpp, line 312]
Event: 36.856 Thread 0x0000022525265b70 Exception <a 'java/lang/ClassNotFoundException'{0x000000061607ff30}: com/android/build/gradle/internal/dsl/LintImplCustomizer> (0x000000061607ff30) 
thrown [s\src\hotspot\share\classfile\systemDictionary.cpp, line 312]
Event: 36.857 Thread 0x0000022525265b70 Exception <a 'java/lang/ClassNotFoundException'{0x00000006160d0428}: com/android/build/gradle/internal/dsl/LintImpl$AgpDecoratedCustomizer> (0x00000006160d0428) 
thrown [s\src\hotspot\share\classfile\systemDictionary.cpp, line 312]
Event: 36.858 Thread 0x0000022525265b70 Exception <a 'java/lang/ClassNotFoundException'{0x0000000616130df0}: com/android/build/gradle/internal/dsl/LintImpl$AgpDecorated_DecoratedCustomizer> (0x0000000616130df0) 
thrown [s\src\hotspot\share\classfile\systemDictionary.cpp, line 312]
Event: 36.860 Thread 0x0000022525265b70 Exception <a 'java/lang/ClassNotFoundException'{0x0000000616206c18}: build_7g71b7ej4z4g0tnky1xinaei9$_run_closure2BeanInfo> (0x0000000616206c18) 
thrown [s\src\hotspot\share\classfile\systemDictionary.cpp, line 312]
Event: 36.861 Thread 0x0000022525265b70 Exception <a 'java/lang/ClassNotFoundException'{0x0000000616214ad8}: build_7g71b7ej4z4g0tnky1xinaei9$_run_closure2Customizer> (0x0000000616214ad8) 
thrown [s\src\hotspot\share\classfile\systemDictionary.cpp, line 312]
Event: 36.963 Thread 0x0000022525265b70 Exception <a 'java/lang/ClassNotFoundException'{0x000000061543b2b8}: build_4mdmo5ws9uv85u3bkpk1oro9hBeanInfo> (0x000000061543b2b8) 
thrown [s\src\hotspot\share\classfile\systemDictionary.cpp, line 312]
Event: 36.963 Thread 0x0000022525265b70 Exception <a 'java/lang/ClassNotFoundException'{0x0000000615442088}: build_4mdmo5ws9uv85u3bkpk1oro9hCustomizer> (0x0000000615442088) 
thrown [s\src\hotspot\share\classfile\systemDictionary.cpp, line 312]
Event: 37.012 Thread 0x0000022525265b70 Exception <a 'java/lang/ClassNotFoundException'{0x0000000614f7d190}: build_4mdmo5ws9uv85u3bkpk1oro9hBeanInfo> (0x0000000614f7d190) 
thrown [s\src\hotspot\share\classfile\systemDictionary.cpp, line 312]
Event: 37.012 Thread 0x0000022525265b70 Exception <a 'java/lang/ClassNotFoundException'{0x0000000614f83f00}: build_4mdmo5ws9uv85u3bkpk1oro9hCustomizer> (0x0000000614f83f00) 
thrown [s\src\hotspot\share\classfile\systemDictionary.cpp, line 312]
Event: 37.116 Thread 0x0000022525265b70 Exception <a 'java/lang/ClassNotFoundException'{0x0000000614610258}: build_36oi6k92b19mb18kh5sxxf399BeanInfo> (0x0000000614610258) 
thrown [s\src\hotspot\share\classfile\systemDictionary.cpp, line 312]
Event: 37.116 Thread 0x0000022525265b70 Exception <a 'java/lang/ClassNotFoundException'{0x0000000614617028}: build_36oi6k92b19mb18kh5sxxf399Customizer> (0x0000000614617028) 
thrown [s\src\hotspot\share\classfile\systemDictionary.cpp, line 312]
Event: 37.403 Thread 0x0000022525265b70 Exception <a 'java/lang/ClassNotFoundException'{0x000000061517beb8}: build_36oi6k92b19mb18kh5sxxf399BeanInfo> (0x000000061517beb8) 
thrown [s\src\hotspot\share\classfile\systemDictionary.cpp, line 312]
Event: 37.403 Thread 0x0000022525265b70 Exception <a 'java/lang/ClassNotFoundException'{0x0000000615182c28}: build_36oi6k92b19mb18kh5sxxf399Customizer> (0x0000000615182c28) 
thrown [s\src\hotspot\share\classfile\systemDictionary.cpp, line 312]
Event: 37.561 Thread 0x0000022525265b70 Exception <a 'java/lang/ClassNotFoundException'{0x000000061443cd18}: java/lang/BooleanBeanInfo> (0x000000061443cd18) 
thrown [s\src\hotspot\share\classfile\systemDictionary.cpp, line 312]
Event: 37.562 Thread 0x0000022525265b70 Exception <a 'java/lang/ClassNotFoundException'{0x00000006144478c0}: java/lang/BooleanCustomizer> (0x00000006144478c0) 
thrown [s\src\hotspot\share\classfile\systemDictionary.cpp, line 312]

ZGC Phase Switch (0 events):
No events

VM Operations (20 events):
Event: 34.925 Executing safepoint VM operation: ICBufferFull
Event: 34.925 Executing safepoint VM operation: ICBufferFull done
Event: 35.076 Executing safepoint VM operation: G1CollectForAllocation (G1 Evacuation Pause)
Event: 35.083 Executing safepoint VM operation: G1CollectForAllocation (G1 Evacuation Pause) done
Event: 35.124 Executing safepoint VM operation: G1PauseRemark
Event: 35.135 Executing safepoint VM operation: G1PauseRemark done
Event: 35.153 Executing safepoint VM operation: G1PauseCleanup
Event: 35.154 Executing safepoint VM operation: G1PauseCleanup done
Event: 35.577 Executing safepoint VM operation: G1CollectForAllocation (G1 Evacuation Pause)
Event: 35.585 Executing safepoint VM operation: G1CollectForAllocation (G1 Evacuation Pause) done
Event: 36.260 Executing safepoint VM operation: G1CollectForAllocation (G1 Evacuation Pause)
Event: 36.269 Executing safepoint VM operation: G1CollectForAllocation (G1 Evacuation Pause) done
Event: 36.624 Executing safepoint VM operation: G1CollectForAllocation (G1 Evacuation Pause)
Event: 36.631 Executing safepoint VM operation: G1CollectForAllocation (G1 Evacuation Pause) done
Event: 36.686 Executing safepoint VM operation: G1PauseRemark
Event: 36.699 Executing safepoint VM operation: G1PauseRemark done
Event: 36.722 Executing safepoint VM operation: G1PauseCleanup
Event: 36.722 Executing safepoint VM operation: G1PauseCleanup done
Event: 37.295 Executing safepoint VM operation: G1CollectForAllocation (G1 Evacuation Pause)
Event: 37.301 Executing safepoint VM operation: G1CollectForAllocation (G1 Evacuation Pause) done

Memory protections (0 events):
No events

Nmethod flushes (20 events):
Event: 36.697 Thread 0x00000224dbc972d0 flushing  nmethod 0x00000224b1653c10
Event: 36.697 Thread 0x00000224dbc972d0 flushing  nmethod 0x00000224b168b010
Event: 36.697 Thread 0x00000224dbc972d0 flushing  nmethod 0x00000224b168c790
Event: 36.697 Thread 0x00000224dbc972d0 flushing  nmethod 0x00000224b16f4b10
Event: 36.697 Thread 0x00000224dbc972d0 flushing  nmethod 0x00000224b213f110
Event: 36.697 Thread 0x00000224dbc972d0 flushing  nmethod 0x00000224b218b110
Event: 36.697 Thread 0x00000224dbc972d0 flushing  nmethod 0x00000224b218c510
Event: 36.697 Thread 0x00000224dbc972d0 flushing  nmethod 0x00000224b21bf090
Event: 36.697 Thread 0x00000224dbc972d0 flushing  nmethod 0x00000224b0a60690
Event: 36.697 Thread 0x00000224dbc972d0 flushing  nmethod 0x00000224b1443b90
Event: 36.697 Thread 0x00000224dbc972d0 flushing  nmethod 0x00000224b144ed90
Event: 36.697 Thread 0x00000224dbc972d0 flushing  nmethod 0x00000224b1835290
Event: 36.697 Thread 0x00000224dbc972d0 flushing  nmethod 0x00000224b1a77710
Event: 36.697 Thread 0x00000224dbc972d0 flushing  nmethod 0x00000224b1abed90
Event: 36.697 Thread 0x00000224dbc972d0 flushing  nmethod 0x00000224b1f18590
Event: 36.697 Thread 0x00000224dbc972d0 flushing  nmethod 0x00000224b1f19190
Event: 36.697 Thread 0x00000224dbc972d0 flushing  nmethod 0x00000224b1f1a510
Event: 36.697 Thread 0x00000224dbc972d0 flushing  nmethod 0x00000224b23c9010
Event: 36.697 Thread 0x00000224dbc972d0 flushing  nmethod 0x00000224b25d1610
Event: 36.697 Thread 0x00000224dbc972d0 flushing  nmethod 0x00000224b25d4c10

Events (20 events):
Event: 32.778 Thread 0x0000022525265b70 Thread added: 0x000002252a3502b0
Event: 32.781 Thread 0x0000022525265b70 Thread added: 0x000002252a34f590
Event: 32.860 Thread 0x0000022525265b70 Thread added: 0x000002252a34fc20
Event: 32.872 Thread 0x0000022525265b70 Thread added: 0x000002252a356520
Event: 32.974 Thread 0x0000022525265b70 Thread added: 0x000002252a353730
Event: 33.004 Thread 0x0000022525265b70 Thread added: 0x000002252a3530a0
Event: 33.099 Thread 0x0000022525265b70 Thread added: 0x000002252a354450
Event: 33.107 Thread 0x0000022525265b70 Thread added: 0x000002252a353dc0
Event: 33.212 Thread 0x0000022525265b70 Thread added: 0x000002252a355800
Event: 33.240 Thread 0x0000022525265b70 Thread added: 0x000002252a356bb0
Event: 33.267 Thread 0x0000022525265b70 Thread added: 0x000002252a357f60
Event: 33.271 Thread 0x0000022525265b70 Thread added: 0x000002252a354ae0
Event: 33.347 Thread 0x0000022525265b70 Thread added: 0x000002252a355e90
Event: 33.369 Thread 0x0000022525265b70 Thread added: 0x000002252a355170
Event: 33.383 Thread 0x000002252cc727e0 Thread exited: 0x000002252cc727e0
Event: 33.443 Thread 0x0000022528e9b790 Thread added: 0x0000022526d2f570
Event: 33.756 Thread 0x0000022528e98eb0 Thread added: 0x000002252cc71370
Event: 33.756 Thread 0x0000022528e98eb0 Thread added: 0x000002252cc727e0
Event: 34.006 Thread 0x000002252cc727e0 Thread exited: 0x000002252cc727e0
Event: 35.802 Thread 0x000002252cc71370 Thread exited: 0x000002252cc71370


Dynamic libraries:
0x00007ff7a0d00000 - 0x00007ff7a0d0e000 	C:\Users\acer\.cursor\extensions\redhat.java-1.53.0-win32-x64\jre\21.0.10-win32-x86_64\bin\java.exe
0x00007ff983720000 - 0x00007ff983987000 	C:\WINDOWS\SYSTEM32\ntdll.dll
0x00007ff982480000 - 0x00007ff982549000 	C:\WINDOWS\System32\KERNEL32.DLL
0x00007ff9804e0000 - 0x00007ff9808d1000 	C:\WINDOWS\System32\KERNELBASE.dll
0x00007ff9808e0000 - 0x00007ff980a2b000 	C:\WINDOWS\System32\ucrtbase.dll
0x00007ff977750000 - 0x00007ff97776e000 	C:\Users\acer\.cursor\extensions\redhat.java-1.53.0-win32-x64\jre\21.0.10-win32-x86_64\bin\VCRUNTIME140.dll
0x00007ff977730000 - 0x00007ff977748000 	C:\Users\acer\.cursor\extensions\redhat.java-1.53.0-win32-x64\jre\21.0.10-win32-x86_64\bin\jli.dll
0x00007ff982720000 - 0x00007ff9828e5000 	C:\WINDOWS\System32\USER32.dll
0x00007ff95d180000 - 0x00007ff95d413000 	C:\WINDOWS\WinSxS\amd64_microsoft.windows.common-controls_6595b64144ccf1df_6.0.26100.8037_none_3e092faae333b53b\COMCTL32.dll
0x00007ff980000000 - 0x00007ff980027000 	C:\WINDOWS\System32\win32u.dll
0x00007ff9829d0000 - 0x00007ff982a79000 	C:\WINDOWS\System32\msvcrt.dll
0x00007ff982550000 - 0x00007ff98257b000 	C:\WINDOWS\System32\GDI32.dll
0x00007ff980030000 - 0x00007ff98015b000 	C:\WINDOWS\System32\gdi32full.dll
0x00007ff980a30000 - 0x00007ff980ad3000 	C:\WINDOWS\System32\msvcp_win.dll
0x00007ff983580000 - 0x00007ff9835b1000 	C:\WINDOWS\System32\IMM32.DLL
0x00007ff977720000 - 0x00007ff97772c000 	C:\Users\acer\.cursor\extensions\redhat.java-1.53.0-win32-x64\jre\21.0.10-win32-x86_64\bin\vcruntime140_1.dll
0x00007ff96dd80000 - 0x00007ff96de0d000 	C:\Users\acer\.cursor\extensions\redhat.java-1.53.0-win32-x64\jre\21.0.10-win32-x86_64\bin\msvcp140.dll
0x00007ff8801f0000 - 0x00007ff880f91000 	C:\Users\acer\.cursor\extensions\redhat.java-1.53.0-win32-x64\jre\21.0.10-win32-x86_64\bin\server\jvm.dll
0x00007ff9835c0000 - 0x00007ff98367b000 	C:\WINDOWS\System32\ADVAPI32.dll
0x00007ff981550000 - 0x00007ff9815f7000 	C:\WINDOWS\System32\sechost.dll
0x00007ff983300000 - 0x00007ff983418000 	C:\WINDOWS\System32\RPCRT4.dll
0x00007ff983280000 - 0x00007ff9832f4000 	C:\WINDOWS\System32\WS2_32.dll
0x00007ff97ebc0000 - 0x00007ff97ec1e000 	C:\WINDOWS\SYSTEM32\POWRPROF.dll
0x00007ff975390000 - 0x00007ff97539b000 	C:\WINDOWS\SYSTEM32\VERSION.dll
0x00007ff96b130000 - 0x00007ff96b165000 	C:\WINDOWS\SYSTEM32\WINMM.dll
0x00007ff97eba0000 - 0x00007ff97ebb4000 	C:\WINDOWS\SYSTEM32\UMPDC.dll
0x00007ff97edd0000 - 0x00007ff97edeb000 	C:\WINDOWS\SYSTEM32\kernel.appcore.dll
0x00007ff977640000 - 0x00007ff97764a000 	C:\Users\acer\.cursor\extensions\redhat.java-1.53.0-win32-x64\jre\21.0.10-win32-x86_64\bin\jimage.dll
0x00007ff97dc20000 - 0x00007ff97de62000 	C:\WINDOWS\SYSTEM32\DBGHELP.DLL
0x00007ff981930000 - 0x00007ff981cb2000 	C:\WINDOWS\System32\combase.dll
0x00007ff9828f0000 - 0x00007ff9829c7000 	C:\WINDOWS\System32\OLEAUT32.dll
0x00007ff95d140000 - 0x00007ff95d17b000 	C:\WINDOWS\SYSTEM32\dbgcore.DLL
0x00007ff980430000 - 0x00007ff9804d5000 	C:\WINDOWS\System32\bcryptPrimitives.dll
0x00007ff96dab0000 - 0x00007ff96dabf000 	C:\Users\acer\.cursor\extensions\redhat.java-1.53.0-win32-x64\jre\21.0.10-win32-x86_64\bin\instrument.dll
0x00007ff975c40000 - 0x00007ff975c60000 	C:\Users\acer\.cursor\extensions\redhat.java-1.53.0-win32-x64\jre\21.0.10-win32-x86_64\bin\java.dll
0x00007ff981d10000 - 0x00007ff98246f000 	C:\WINDOWS\System32\SHELL32.dll
0x00007ff981350000 - 0x00007ff9814ba000 	C:\WINDOWS\System32\wintypes.dll
0x00007ff980ae0000 - 0x00007ff981344000 	C:\WINDOWS\System32\windows.storage.dll
0x00007ff982a80000 - 0x00007ff982b77000 	C:\WINDOWS\System32\SHCORE.dll
0x00007ff983040000 - 0x00007ff9830a7000 	C:\WINDOWS\System32\shlwapi.dll
0x00007ff97ff20000 - 0x00007ff97ff49000 	C:\WINDOWS\SYSTEM32\profapi.dll
0x00007ff96dec0000 - 0x00007ff96ded8000 	C:\Users\acer\.cursor\extensions\redhat.java-1.53.0-win32-x64\jre\21.0.10-win32-x86_64\bin\zip.dll
0x00007ff977600000 - 0x00007ff977610000 	C:\Users\acer\.cursor\extensions\redhat.java-1.53.0-win32-x64\jre\21.0.10-win32-x86_64\bin\net.dll
0x00007ff976df0000 - 0x00007ff976f17000 	C:\WINDOWS\SYSTEM32\WINHTTP.dll
0x00007ff97f3c0000 - 0x00007ff97f42b000 	C:\WINDOWS\system32\mswsock.dll
0x00007ff96dea0000 - 0x00007ff96deb6000 	C:\Users\acer\.cursor\extensions\redhat.java-1.53.0-win32-x64\jre\21.0.10-win32-x86_64\bin\nio.dll
0x00007ff965c60000 - 0x00007ff965c70000 	C:\Users\acer\.cursor\extensions\redhat.java-1.53.0-win32-x64\jre\21.0.10-win32-x86_64\bin\verify.dll
0x00007ff9776f0000 - 0x00007ff977717000 	C:\Users\acer\.gradle\native\1def1411415f61bf3af743bc5b6707747c0891f09f0c88961ee8f79bc544acac\windows-amd64\native-platform.dll
0x00007ff90c9a0000 - 0x00007ff90ca18000 	C:\Users\acer\.gradle\native\0.2.7\x86_64-windows-gnu\gradle-fileevents.dll
0x00007ff96da60000 - 0x00007ff96da6a000 	C:\Users\acer\.cursor\extensions\redhat.java-1.53.0-win32-x64\jre\21.0.10-win32-x86_64\bin\management.dll
0x00007ff96da50000 - 0x00007ff96da5c000 	C:\Users\acer\.cursor\extensions\redhat.java-1.53.0-win32-x64\jre\21.0.10-win32-x86_64\bin\management_ext.dll
0x00007ff982700000 - 0x00007ff982708000 	C:\WINDOWS\System32\PSAPI.DLL
0x00007ff97e880000 - 0x00007ff97e8b3000 	C:\WINDOWS\SYSTEM32\IPHLPAPI.DLL
0x00007ff982710000 - 0x00007ff98271a000 	C:\WINDOWS\System32\NSI.dll
0x00007ff95f2b0000 - 0x00007ff95f2b9000 	C:\Users\acer\.cursor\extensions\redhat.java-1.53.0-win32-x64\jre\21.0.10-win32-x86_64\bin\extnet.dll
0x00007ff97f7c0000 - 0x00007ff97f7db000 	C:\WINDOWS\SYSTEM32\CRYPTSP.dll
0x00007ff97edf0000 - 0x00007ff97ee29000 	C:\WINDOWS\system32\rsaenh.dll
0x00007ff97f470000 - 0x00007ff97f4a2000 	C:\WINDOWS\SYSTEM32\USERENV.dll
0x00007ff97fef0000 - 0x00007ff97ff1a000 	C:\WINDOWS\SYSTEM32\bcrypt.dll
0x00007ff97f620000 - 0x00007ff97f62c000 	C:\WINDOWS\SYSTEM32\CRYPTBASE.dll
0x00007ff965c50000 - 0x00007ff965c5e000 	C:\Users\acer\.cursor\extensions\redhat.java-1.53.0-win32-x64\jre\21.0.10-win32-x86_64\bin\sunmscapi.dll
0x00007ff980220000 - 0x00007ff980397000 	C:\WINDOWS\System32\CRYPT32.dll
0x00007ff97f920000 - 0x00007ff97f950000 	C:\WINDOWS\SYSTEM32\ncrypt.dll
0x00007ff97f8d0000 - 0x00007ff97f90f000 	C:\WINDOWS\SYSTEM32\NTASN1.dll
0x00007ff950e70000 - 0x00007ff950e78000 	C:\WINDOWS\system32\wshunix.dll
0x00007ff96e460000 - 0x00007ff96e478000 	C:\WINDOWS\system32\napinsp.dll
0x00007ff97e8c0000 - 0x00007ff97e9ea000 	C:\WINDOWS\SYSTEM32\DNSAPI.dll
0x00007ff965f70000 - 0x00007ff965f82000 	C:\WINDOWS\System32\winrnr.dll
0x00007ff9315c0000 - 0x00007ff9315e2000 	C:\WINDOWS\system32\nlansp_c.dll
0x00007ff975730000 - 0x00007ff975746000 	C:\WINDOWS\system32\wshbth.dll
0x0000000074210000 - 0x0000000074236000 	C:\Program Files\Bonjour\mdnsNSP.dll
0x00007ff975b40000 - 0x00007ff975b4b000 	C:\Windows\System32\rasadhlp.dll
0x00007ff977770000 - 0x00007ff9777f6000 	C:\WINDOWS\System32\fwpuclnt.dll
0x00007ff95baa0000 - 0x00007ff95baa7000 	C:\Users\acer\.cursor\extensions\redhat.java-1.53.0-win32-x64\jre\21.0.10-win32-x86_64\bin\rmi.dll

JVMTI agents:
C:\Users\acer\.gradle\wrapper\dists\gradle-8.14-all\c2qonpi39x1mddn7hk5gh9iqj\gradle-8.14\lib\agents\gradle-instrumentation-agent-8.14.jar path:C:\Users\acer\.cursor\extensions\redhat.java-1.53.0-win32-x64\jre\21.0.10-win32-x86_64\bin\instrument.dll, loaded, initialized, instrumentlib options:none

dbghelp: loaded successfully - version: 4.0.5 - missing functions: none
symbol engine: initialized successfully - sym options: 0x614 - pdb path: .;C:\Users\acer\.cursor\extensions\redhat.java-1.53.0-win32-x64\jre\21.0.10-win32-x86_64\bin;C:\WINDOWS\SYSTEM32;C:\WINDOWS\WinSxS\amd64_microsoft.windows.common-controls_6595b64144ccf1df_6.0.26100.8037_none_3e092faae333b53b;C:\Users\acer\.cursor\extensions\redhat.java-1.53.0-win32-x64\jre\21.0.10-win32-x86_64\bin\server;C:\Users\acer\.gradle\native\1def1411415f61bf3af743bc5b6707747c0891f09f0c88961ee8f79bc544acac\windows-amd64;C:\Users\acer\.gradle\native\0.2.7\x86_64-windows-gnu;C:\Program Files\Bonjour

VM Arguments:
jvm_args: --add-opens=java.base/java.lang=ALL-UNNAMED --add-opens=java.base/java.lang.invoke=ALL-UNNAMED --add-opens=java.base/java.util=ALL-UNNAMED --add-opens=java.prefs/java.util.prefs=ALL-UNNAMED --add-exports=jdk.compiler/com.sun.tools.javac.api=ALL-UNNAMED --add-exports=jdk.compiler/com.sun.tools.javac.util=ALL-UNNAMED --add-opens=java.base/java.util=ALL-UNNAMED --add-opens=java.prefs/java.util.prefs=ALL-UNNAMED --add-opens=java.base/java.nio.charset=ALL-UNNAMED --add-opens=java.base/java.net=ALL-UNNAMED --add-opens=java.base/java.util.concurrent.atomic=ALL-UNNAMED --add-opens=java.xml/javax.xml.namespace=ALL-UNNAMED -XX:MaxMetaspaceSize=4G -XX:ReservedCodeCacheSize=512m -XX:+HeapDumpOnOutOfMemoryError -Xmx8G -Dfile.encoding=UTF-8 -Duser.country=US -Duser.language=en -Duser.variant -javaagent:C:\Users\acer\.gradle\wrapper\dists\gradle-8.14-all\c2qonpi39x1mddn7hk5gh9iqj\gradle-8.14\lib\agents\gradle-instrumentation-agent-8.14.jar 
java_command: org.gradle.launcher.daemon.bootstrap.GradleDaemon 8.14
java_class_path (initial): C:\Users\acer\.gradle\wrapper\dists\gradle-8.14-all\c2qonpi39x1mddn7hk5gh9iqj\gradle-8.14\lib\gradle-daemon-main-8.14.jar
Launcher Type: SUN_STANDARD

[Global flags]
     intx CICompilerCount                          = 12                                        {product} {ergonomic}
     uint ConcGCThreads                            = 5                                         {product} {ergonomic}
     uint G1ConcRefinementThreads                  = 20                                        {product} {ergonomic}
   size_t G1HeapRegionSize                         = 4194304                                   {product} {ergonomic}
    uintx GCDrainStackTargetSize                   = 64                                        {product} {ergonomic}
     bool HeapDumpOnOutOfMemoryError               = true                                   {manageable} {command line}
   size_t InitialHeapSize                          = 532676608                                 {product} {ergonomic}
   size_t MarkStackSize                            = 4194304                                   {product} {ergonomic}
   size_t MaxHeapSize                              = 8589934592                                {product} {command line}
   size_t MaxMetaspaceSize                         = 4294967296                                {product} {command line}
   size_t MaxNewSize                               = 5150605312                                {product} {ergonomic}
   size_t MinHeapDeltaBytes                        = 4194304                                   {product} {ergonomic}
   size_t MinHeapSize                              = 8388608                                   {product} {ergonomic}
    uintx NonNMethodCodeHeapSize                   = 7602480                                {pd product} {ergonomic}
    uintx NonProfiledCodeHeapSize                  = 264634216                              {pd product} {ergonomic}
    uintx ProfiledCodeHeapSize                     = 264634216                              {pd product} {ergonomic}
    uintx ReservedCodeCacheSize                    = 536870912                              {pd product} {command line}
     bool SegmentedCodeCache                       = true                                      {product} {ergonomic}
   size_t SoftMaxHeapSize                          = 8589934592                             {manageable} {ergonomic}
     bool UseCompressedOops                        = true                           {product lp64_product} {ergonomic}
     bool UseG1GC                                  = true                                      {product} {ergonomic}
     bool UseLargePagesIndividualAllocation        = false                                  {pd product} {ergonomic}

Logging:
Log output configuration:
 #0: stdout all=warning uptime,level,tags foldmultilines=false
 #1: stderr all=off uptime,level,tags foldmultilines=false

Release file:
JAVA_VERSION="21.0.10" 
MODULES="java.base java.compiler java.datatransfer java.xml java.prefs java.desktop java.instrument java.logging java.management java.security.sasl java.naming java.rmi java.management.rmi java.net.http java.scripting java.security.jgss java.transaction.xa java.sql java.sql.rowset java.xml.crypto java.se java.smartcardio jdk.accessibility jdk.internal.jvmstat jdk.attach jdk.charsets jdk.internal.opt jdk.zipfs jdk.compiler jdk.crypto.ec jdk.crypto.cryptoki jdk.crypto.mscapi jdk.dynalink jdk.internal.ed jdk.editpad jdk.hotspot.agent jdk.httpserver jdk.internal.le jdk.internal.vm.ci jdk.internal.vm.compiler jdk.internal.vm.compiler.management jdk.jartool jdk.javadoc jdk.jcmd jdk.management jdk.management.agent jdk.jconsole jdk.jdeps jdk.jdwp.agent jdk.jdi jdk.jfr jdk.jshell jdk.jsobject jdk.jstatd jdk.localedata jdk.management.jfr jdk.naming.dns jdk.naming.rmi jdk.net jdk.nio.mapmode jdk.random jdk.sctp jdk.security.auth jdk.security.jgss jdk.unsupported jdk.unsupported.desktop jdk.xml.dom" 

Environment Variables:
PATH=C:\Program Files\Common Files\Oracle\Java\javapath;C:\WINDOWS\system32;C:\WINDOWS;C:\WINDOWS\System32\Wbem;C:\WINDOWS\System32\WindowsPowerShell\v1.0\;C:\WINDOWS\System32\OpenSSH\;C:\Program Files (x86)\NVIDIA Corporation\PhysX\Common;C:\Program Files\dotnet\;C:\Program Files (x86)\Google\Cloud SDK\google-cloud-sdk\bin;C:\Program Files\NVIDIA Corporation\NVIDIA app\NvDLISR;C:\Program Files\nodejs\;C:\Program Files\Go\bin;C:\Program Files\cursor\resources\app\bin;C:\Program Files\GitHub CLI\;C:\Program Files\Git\cmd;C:\Users\acer\AppData\Local\pnpm;c:\Users\acer\AppData\Local\Programs\Trae\bin;C:\Users\acer\AppData\Local\Programs\Python\Launcher\;C:\Users\acer\AppData\Local\Microsoft\WindowsApps;C:\Users\acer\AppData\Local\Programs\Microsoft VS Code\bin;C:\Users\acer\AppData\Roaming\npm;C:\MinGW\bin;C:\Program Files\Java\jdk-24\bin;C:\Users\acer\AppData\Local\Programs\cursor\resources\app\bin;C:\Users\acer\go\bin;C:\Users\acer\AppData\Local\Programs\Antigravity\bin;D:\src\flutter\bin;C:\Users\acer\AppData\Local\PowerToys\DSCModules\
USERNAME=smart.dev
OS=Windows_NT
PROCESSOR_IDENTIFIER=Intel64 Family 6 Model 183 Stepping 1, GenuineIntel
TMP=C:\Users\acer\AppData\Local\Temp
TEMP=C:\Users\acer\AppData\Local\Temp




Periodic native trim disabled

---------------  S Y S T E M  ---------------

OS:
 Windows 11 , 64 bit Build 26100 (10.0.26100.7920)
OS uptime: 0 days 2:12 hours
Hyper-V role detected

CPU: total 28 (initial active 28) (14 cores per cpu, 2 threads per core) family 6 model 183 stepping 1 microcode 0x129, cx8, cmov, fxsr, ht, mmx, 3dnowpref, sse, sse2, sse3, ssse3, sse4.1, sse4.2, popcnt, lzcnt, tsc, tscinvbit, avx, avx2, aes, erms, clmul, bmi1, bmi2, adx, sha, fma, vzeroupper, clflush, clflushopt, clwb, hv, serialize, rdtscp, rdpid, fsrm, f16c, cet_ibt, cet_ss
Processor Information for processor 0
  Max Mhz: 2100, Current Mhz: 1453, Mhz Limit: 2100
Processor Information for processor 1
  Max Mhz: 2100, Current Mhz: 2100, Mhz Limit: 2100
Processor Information for processor 2
  Max Mhz: 2100, Current Mhz: 1453, Mhz Limit: 2100
Processor Information for processor 3
  Max Mhz: 2100, Current Mhz: 1453, Mhz Limit: 2100
Processor Information for processor 4
  Max Mhz: 2100, Current Mhz: 1453, Mhz Limit: 2100
Processor Information for processor 5
  Max Mhz: 2100, Current Mhz: 1453, Mhz Limit: 2100
Processor Information for processor 6
  Max Mhz: 2100, Current Mhz: 2100, Mhz Limit: 2100
Processor Information for processor 7
  Max Mhz: 2100, Current Mhz: 1453, Mhz Limit: 2100
Processor Information for processor 8
  Max Mhz: 2100, Current Mhz: 1453, Mhz Limit: 2100
Processor Information for processor 9
  Max Mhz: 2100, Current Mhz: 2100, Mhz Limit: 2100
Processor Information for processor 10
  Max Mhz: 2100, Current Mhz: 2100, Mhz Limit: 2100
Processor Information for processor 11
  Max Mhz: 2100, Current Mhz: 1453, Mhz Limit: 2100
Processor Information for processor 12
  Max Mhz: 2100, Current Mhz: 1453, Mhz Limit: 2100
Processor Information for processor 13
  Max Mhz: 2100, Current Mhz: 1453, Mhz Limit: 2100
Processor Information for processor 14
  Max Mhz: 2100, Current Mhz: 1453, Mhz Limit: 2100
Processor Information for processor 15
  Max Mhz: 2100, Current Mhz: 1453, Mhz Limit: 2100
Processor Information for processor 16
  Max Mhz: 2100, Current Mhz: 1540, Mhz Limit: 2100
Processor Information for processor 17
  Max Mhz: 2100, Current Mhz: 1540, Mhz Limit: 2100
Processor Information for processor 18
  Max Mhz: 2100, Current Mhz: 1540, Mhz Limit: 2100
Processor Information for processor 19
  Max Mhz: 2100, Current Mhz: 1540, Mhz Limit: 2100
Processor Information for processor 20
  Max Mhz: 2100, Current Mhz: 1540, Mhz Limit: 2100
Processor Information for processor 21
  Max Mhz: 2100, Current Mhz: 1540, Mhz Limit: 2100
Processor Information for processor 22
  Max Mhz: 2100, Current Mhz: 1540, Mhz Limit: 2100
Processor Information for processor 23
  Max Mhz: 2100, Current Mhz: 1540, Mhz Limit: 2100
Processor Information for processor 24
  Max Mhz: 2100, Current Mhz: 1540, Mhz Limit: 2100
Processor Information for processor 25
  Max Mhz: 2100, Current Mhz: 1540, Mhz Limit: 2100
Processor Information for processor 26
  Max Mhz: 2100, Current Mhz: 1540, Mhz Limit: 2100
Processor Information for processor 27
  Max Mhz: 2100, Current Mhz: 1540, Mhz Limit: 2100

Memory: 4k page, system-wide physical 32472M (5716M free)
TotalPageFile size 130776M (AvailPageFile size 21M)
current process WorkingSet (physical memory assigned to process): 794M, peak: 801M
current process commit charge ("private bytes"): 874M, peak: 876M

vm_info: OpenJDK 64-Bit Server VM (21.0.10+7-LTS) for windows-amd64 JRE (21.0.10+7-LTS), built on 2026-01-20T00:00:00Z by "admin" with MS VC++ 17.12 (VS2022)

END.
